Country_ISO,Country,Year,OVERALL GOVERNANCE,SAFETY & RULE OF LAW,RULE OF LAW,TRANSPARENCY & ACCOUNTABILITY,PERSONAL SAFETY,NATIONAL SECURITY,PARTICIPATION & HUMAN RIGHTS,PARTICIPATION,RIGHTS,GENDER,SUSTAINABLE ECONOMIC OPPORTUNITY,PUBLIC MANAGEMENT,BUSINESS ENVIRONMENT,INFRASTRUCTURE,RURAL SECTOR,HUMAN DEVELOPMENT,WELFARE,EDUCATION,HEALTH
DZ,Algeria,2008,51.5,53.5,47.7,35.3,55.8,75.2,36.3,30.1,43.1,35.6,50.2,41,39.7,70.2,49.6,66,51,65.2,81.7
DZ,Algeria,2009,50.7,53.9,46.6,34.4,59.4,75.1,36.9,29.1,44.6,36.9,46.1,36.8,36.7,71.1,39.8,66.1,51,65.2,82.2
DZ,Algeria,2010,51.4,52.2,41.4,34.9,55.2,77.2,36.6,29.2,43.2,37.5,48.7,36.6,40.2,72,46,68.1,52,67.7,84.5
DZ,Algeria,2011,50.8,49,39.6,33.9,46.2,76.3,36.8,28.4,43,39.1,49,38.7,34.5,72,50.7,68.5,53.1,68.1,84.4
DZ,Algeria,2012,51.1,50.1,38.3,32.5,52.5,77,39.6,31.6,43.3,43.8,46.1,39.9,30.9,71.6,42.3,68.4,53.1,67.9,84.3
DZ,Algeria,2013,51.8,50.8,40.6,33.9,51.8,76.9,40.4,32.5,44.4,44.2,46.4,38,33.9,71.6,42.3,69.7,53.1,69.8,86.3
DZ,Algeria,2014,51.3,50,39.9,31.4,51.2,77.4,41.4,34.7,43.2,46.2,44.7,34.6,33,66.4,44.7,69.3,54.6,69.9,83.5
DZ,Algeria,2015,51.3,49.4,40.4,34.1,48.7,74.4,43.6,35.1,46.7,48.9,43.7,33.7,37.5,62.9,40.8,68.6,56.1,70.1,79.7
DZ,Algeria,2016,51.5,50.7,39.2,35.8,49.6,78.4,41.6,33,46.3,45.6,43.9,34.1,37.4,62.8,41.5,69.7,55.6,72.4,81.1
DZ,Algeria,2017,50.2,50.6,38.6,34.7,51,78,40.4,32,43.3,45.8,44.4,33.3,38.7,62.9,42.8,65.5,48.6,71.6,76.3
AO,Angola,2008,37.6,46.8,37.8,14.5,50.7,84.1,39.1,30.4,31.5,55.4,30.7,32.3,30.9,21.2,38.3,34,35.5,23.3,43.2
AO,Angola,2009,37.5,43.2,40.6,14.3,45.3,72.8,39.8,30.6,32.7,56.1,32.2,31.5,35.9,21.5,39.7,34.7,37.2,23.5,43.5
AO,Angola,2010,38.3,44.1,39.7,13.2,46.9,76.6,38.9,31.3,30.7,54.7,32.8,32.4,36.1,21.9,40.6,37.5,39,25.6,47.8
AO,Angola,2011,38.5,45,41.7,11.1,41.9,85.2,37.4,31.6,30.9,49.6,32.3,33,34.8,21.2,40.1,39.5,41.5,28.5,48.7
AO,Angola,2012,39.2,45.5,41.8,11.6,41.3,87.1,38,32.9,30.3,50.8,32,35,30.3,22.1,40.6,41.3,42.2,29.8,51.9
AO,Angola,2013,38.4,45.2,41.9,11.9,39.6,87.3,37.8,30.3,30.2,52.9,29.1,34.1,20.2,23,39.2,41.5,39.3,31.1,54.1
AO,Angola,2014,38.4,44.6,41.2,10.5,39.5,87.3,36.7,28.3,29.3,52.6,28.8,32.9,17.8,23.4,41.2,43.4,42.7,29.1,58.3
AO,Angola,2015,38.3,45.1,39.1,9.7,44.1,87.2,36.7,26.3,27.9,55.9,29.3,33.6,17.8,23.5,42.3,42,40.3,27.6,58.1
AO,Angola,2016,37.9,45,41,9.7,42.3,87,37.7,26.2,30.9,56,29.2,32.8,17.8,23.9,42.3,39.6,39.6,27.6,51.6
AO,Angola,2017,38.3,45.6,47.5,11.4,40.6,83,39.3,29.3,32.5,56,28.8,33.2,17.8,21.8,42.3,39.5,39.3,27.6,51.5
BJ,Benin,2008,58.8,68.8,73,40.2,66,95.8,67.5,79.6,63.9,59,48.2,48.9,54.7,34.4,54.8,50.8,49.2,42.6,60.4
BJ,Benin,2009,59.4,67.8,73.2,39.3,62.8,95.8,67.7,79.8,63.9,59.4,49.8,47.3,54.3,36.8,61,52.4,49.1,46,62.2
BJ,Benin,2010,60.1,67.3,73.7,37.3,62.5,95.8,68.1,80.5,64.5,59.4,50.5,45.5,56.5,38.4,61.8,54.5,50.4,50.5,62.8
BJ,Benin,2011,59.4,65.5,72.8,36.5,61,91.6,66.8,77.1,64.5,59,50,46.6,54.6,37.8,60.9,55.4,50.6,52.1,63.6
BJ,Benin,2012,58.9,65.1,72.3,35.9,60.7,91.6,67.8,76.3,64.8,62.4,47.6,47.2,47.8,37.3,58,55.1,50.9,50.5,63.8
BJ,Benin,2013,58.5,64.4,73.1,35.8,59,89.8,68.2,76.2,63.8,64.7,46.1,49,44.3,36.2,54.8,55.2,52,51,62.6
BJ,Benin,2014,58.7,65.2,74.2,36.5,60.4,89.8,68.9,77.5,64.5,64.8,46.3,46.2,46.4,36.8,55.7,54.3,50.5,47.9,64.5
BJ,Benin,2015,58.6,65.6,74.6,38.1,61.7,87.9,69.1,76.3,63.7,67.3,45.8,45.8,46.2,36.4,55,53.8,47.6,45.9,67.7
BJ,Benin,2016,58.9,64,72,38.4,55.8,89.7,71.7,83.3,65.6,66.2,46.6,45.7,48.6,37.7,54.4,53.4,48,45.9,66.3
BJ,Benin,2017,58.7,63.5,72.2,38.8,55,87.8,71.5,83.7,64.5,66.3,46.1,46.4,45.6,38.8,53.6,53.8,49,46.5,65.7
BW,Botswana,2008,72.2,83.6,94.8,76.4,63.1,100,67.8,82.7,58.3,62.6,63.1,45.7,73.2,64.6,68.8,74.3,70.1,73.5,79.4
BW,Botswana,2009,72.7,83.8,95,76.7,63.7,100,67.2,82.8,58,60.9,62.6,43.8,73.2,64.2,69.4,76.9,71.6,77.9,81.2
BW,Botswana,2010,72.6,84.8,94.8,76.8,67.8,99.9,67,82.4,58.6,60,61.4,40.1,73.9,64.4,67.1,77.2,72.2,77.1,82.3
BW,Botswana,2011,72.8,84.8,94.5,76.7,68.1,99.9,67.5,82.4,59.3,60.8,61.8,41.8,74.6,64,66.9,77.1,72.8,75.2,83.3
BW,Botswana,2012,73.1,83.3,94.1,75,64.3,99.9,67.6,82.5,59.5,60.7,62.4,46.7,71,64.5,67.1,79.2,75.5,77.5,84.7
BW,Botswana,2013,72.8,83.8,94.1,74,67.1,99.9,67.6,82.3,58.8,61.8,60.7,44.5,69.2,63.3,65.9,79.2,76.3,76.3,84.9
BW,Botswana,2014,70.5,81.5,93.1,70.9,62,99.9,64.6,83.7,56.7,53.2,60.2,44.9,70.2,61,64.7,75.7,75.3,67.9,84.1
BW,Botswana,2015,70.5,81.7,92.8,71.6,62.3,99.9,64.7,81.6,58,54.4,59.3,43.4,66.2,63.2,64.5,76.3,77.2,67.3,84.4
BW,Botswana,2016,69.8,80.5,92.4,66.1,63.6,99.9,64.8,83.8,53.4,57.2,58.6,40.3,63.6,65.8,64.5,75.2,77.4,66.2,81.9
BW,Botswana,2017,68.5,79.6,89.1,65.9,63.5,99.9,63.3,80.4,54.9,54.4,58.8,41.9,61.5,67.2,64.4,72.5,73.4,64.9,79.2
BF,Burkina Faso,2008,52.3,61.6,56.1,45.7,57.1,87.4,56.1,55.1,57.4,55.8,50.2,53.9,55.4,33.7,57.8,41.4,47.4,26.8,50.1
BF,Burkina Faso,2009,53.1,61.3,53.2,46.1,58.5,87.4,56.2,55,58.9,54.7,52.3,54.9,56.8,33.3,64.2,42.6,48.3,27,52.4
BF,Burkina Faso,2010,53.1,60.9,53.2,44.6,58.5,87.4,56,53.7,60.4,53.9,52.4,54.7,58.7,31.6,64.6,43.1,47.7,27.5,54.1
BF,Burkina Faso,2011,52.4,59.4,52.7,43.4,50,91.6,54.2,52.8,57.2,52.7,51.3,55.4,58,31.2,60.5,44.7,48.1,29.8,56.4
BF,Burkina Faso,2012,53.4,60.6,52.9,43.5,54.6,91.5,55.4,53.6,58.6,54.1,50.8,57,55.9,31.9,58.5,46.5,50.2,32.3,56.9
BF,Burkina Faso,2013,53.5,60.8,53.4,46,54.1,89.7,56.9,56.9,59.2,54.5,49.6,57.8,52.2,29.8,58.6,46.8,50.1,32.3,58.1
BF,Burkina Faso,2014,52.9,59.8,54.2,47.7,52.2,85.3,55.5,53.4,60.3,52.8,48.6,56.1,51.8,28.7,58,47.7,50.6,32.1,60.4
BF,Burkina Faso,2015,53,59.2,61.1,46.9,45.3,83.5,56.3,52.5,62,54.4,47.9,54.8,50.3,28.4,58,48.7,50.2,31.9,63.9
BF,Burkina Faso,2016,55.5,62.2,59.9,50,51.7,87.1,58.8,61,60.5,55.1,49.1,54.4,51.9,32,58,51.8,53.6,34.3,67.5
BF,Burkina Faso,2017,57.1,59.1,61,45.7,46.5,83.5,65,71.3,65,58.5,49.6,51.9,53.6,35.1,58,54.8,58.1,36.1,70.2
BI,Burundi,2008,44.8,46.3,51.7,24,50,59.3,45.3,49.8,33.5,52.6,41.2,38.3,42.7,37,46.8,46.4,40.8,34.8,63.6
BI,Burundi,2009,46,48,44.4,23.5,50.4,73.7,45.8,50.3,33.5,53.6,43.2,38.9,40.8,37.7,55.4,47,40.8,34.8,65.5
BI,Burundi,2010,45.3,47.4,43.9,22.4,53.5,69.7,44,43.4,33.3,55.3,40.7,38.8,38.2,38,47.6,49,41.3,37.3,68.4
BI,Burundi,2011,45.4,46.7,43.3,22.3,50,71.2,44,41.7,33.7,56.5,40.9,40.6,38,37.9,46.9,50.2,40.6,39.8,70.1
BI,Burundi,2012,45.2,46.2,43.3,21.1,49.5,71.1,43.5,38.3,33.5,58.8,39.4,41.6,31.6,36.9,47.5,51.6,43.3,40.4,71.2
BI,Burundi,2013,44.6,44.7,39.5,20.4,49.4,69.6,41.8,32.1,33.4,59.9,39.8,42.6,30.5,36.5,49.6,52,44.3,41.9,69.9
BI,Burundi,2014,45,43.4,40.4,18.3,49.5,65.2,45.5,31.3,32.8,72.6,38,39.3,31.3,36.6,44.8,53.3,45.3,41.2,73.2
BI,Burundi,2015,40,26.8,28,18.3,26.8,34,41.7,28,27.6,69.6,37.7,36.8,33.2,36.8,44.1,53.6,47.1,40.2,73.6
BI,Burundi,2016,38.8,25.5,23.8,18.3,27.8,32.1,38.2,23.4,22.7,68.4,38,38,33.8,36.7,43.3,53.6,46.2,40.5,74.1
BI,Burundi,2017,39.8,28.8,27.5,20.3,28.7,38.8,37.5,19.7,23.3,69.4,38.7,38.3,34.6,37.6,44.3,54.3,46.6,42.2,74.3
CV,Cabo Verde,2008,71.9,77.5,85.6,68,56.6,100,79.7,86.1,79.9,73,62.3,65.9,51.7,49.7,81.8,67.9,59.7,63.3,80.8
CV,Cabo Verde,2009,71.3,75.3,81.9,67.8,51.3,100,79.6,86,79.1,73.7,61,65.1,49,50.3,79.6,69.3,61.2,64.8,81.9
CV,Cabo Verde,2010,71.3,74.9,81.9,67.4,50.2,100,78.9,86.1,76,74.6,60.8,62.2,49.9,51.5,79.6,70.7,63.3,67.9,80.9
CV,Cabo Verde,2011,72.8,76.9,87.9,68.1,51.5,100,80.6,91.6,75.7,74.5,61.5,62.6,54.9,52.5,75.8,72.3,64.3,69.7,82.9
CV,Cabo Verde,2012,72.8,77.7,88.4,67.3,55.1,100,80.4,91.7,74.9,74.5,62,62.4,54.9,54.7,76.1,71.3,61.7,69.1,83.1
CV,Cabo Verde,2013,72,76.1,87.7,65.5,51.1,100,80,91.3,74.8,73.9,61.2,61.5,51.6,56.4,75.4,70.6,59,68.5,84.3
CV,Cabo Verde,2014,71.2,76.4,88,61.8,55.9,100,78.4,89.7,70.3,75.3,59.9,59,47.8,60.4,72.5,70.1,57.7,67.8,84.8
CV,Cabo Verde,2015,72.5,77.4,88.3,62.9,58.4,100,80.6,90.9,76.6,74.3,61.3,62.3,47.1,62.8,73.1,70.5,59.2,67.4,84.9
CV,Cabo Verde,2016,70.9,75.3,87.4,59.4,54.3,100,77.5,88,76.3,68,61,63.8,45.4,62.1,72.9,69.7,56.9,66.6,85.5
CV,Cabo Verde,2017,71.1,75.3,87.4,59.1,54.7,100,76.3,87.1,73.8,68,61.4,64.8,44.3,63.5,72.9,71.2,62,66.1,85.6
CM,Cameroon,2008,46.5,49.9,45,27.7,44.2,82.8,38.8,27.4,38.2,50.6,46.8,41.7,52.3,35,58.2,50.6,47,43.7,61.1
CM,Cameroon,2009,46,49.4,40.7,28.4,45.6,82.8,38.3,27.6,35.2,51.9,45.4,41.3,50.4,36.3,53.4,51.1,47,45.1,61.2
CM,Cameroon,2010,46.6,50.6,42.6,28.8,44.1,87,38.6,28.8,34.2,52.9,44.4,40.6,48.4,36.9,51.6,52.9,47.5,47.6,63.6
CM,Cameroon,2011,47,50.7,42.5,29.1,44.3,86.9,38.8,28.8,34.2,53.4,44.4,41.6,48.7,37,50.3,53.9,48,48.5,65.3
CM,Cameroon,2012,47.7,51.6,43.1,27.5,48.5,87.2,38.3,28.6,33.8,52.4,45.7,42.6,51.6,38.2,50.2,55.3,47.2,50.9,67.8
CM,Cameroon,2013,47.2,49.3,40.6,26,48.1,82.7,38.1,28.6,31.9,53.8,45.2,42.7,51.6,38.1,48.6,56.3,46.6,52.7,69.6
CM,Cameroon,2014,46.9,46.6,40.9,24,47.2,74.3,38.9,31.6,31.2,53.9,44.4,39.7,48.9,41.4,47.5,57.8,49.3,53.7,70.4
CM,Cameroon,2015,46.8,45.6,41.4,26.6,52.3,62.1,38,31,31.9,51.1,46,40.9,49.9,44.9,48.2,57.7,48.8,54.4,70
CM,Cameroon,2016,46.7,42.7,42.2,24,46.4,58.2,39.5,30.7,36.4,51.4,46.4,42.5,50.2,44.5,48.6,58.2,50,54,70.6
CM,Cameroon,2017,46.2,40.3,38.9,26.8,40,55.6,39,29.2,34.4,53.5,47,44.1,49.8,45.7,48.6,58.2,50,53.5,71.1
CF,Central African Republic,2008,32,36.6,33.1,24,43.4,45.8,39.2,38.7,33.4,45.5,28.5,30.5,42.2,23.4,17.9,23.7,26.8,6.9,37.3
CF,Central African Republic,2009,31.4,32.1,33.1,17.2,37.3,40.7,37.9,38.3,29.1,46.4,29.5,32.2,42.2,25.7,17.9,26.1,29.6,8.8,39.8
CF,Central African Republic,2010,32.3,32,33.2,17.5,36.3,40.9,36.6,32.8,29.5,47.5,33.4,34.3,42.2,25.9,31.2,27.2,29.6,12.1,40
CF,Central African Republic,2011,33.3,33.4,32.8,17.8,33.1,49.8,37.9,33.5,30.8,49.4,33.9,33.4,42.2,26,34.1,28,30.5,13.8,39.8
CF,Central African Republic,2012,32.3,30.7,32.2,18,28.3,44.3,37.6,33,30.9,48.9,32.4,34.1,36.1,26.2,33.1,28.4,31.8,14.4,39
CF,Central African Republic,2013,25,15.9,10.8,18.9,15.9,17.9,34.6,31.1,28.5,44.2,25.4,26.5,30.4,25.4,19.3,24.4,24.7,14,34.4
CF,Central African Republic,2014,25,14.3,11.8,15.9,12.9,16.7,36.1,30.6,30,47.6,23.6,30.1,23,19.9,21.4,25.8,25.5,11.9,40
CF,Central African Republic,2015,25.9,19.2,17.1,15.8,16,27.9,37,32.2,29.6,49.3,24.1,29.3,25.4,20.1,21.4,23.1,25.9,9.9,33.6
CF,Central African Republic,2016,28.3,24.6,29.9,18.3,17.5,32.5,38.6,35.8,32.1,48,26.2,30.7,28.2,24.4,21.4,24,25.6,9.5,36.8
CF,Central African Republic,2017,29.5,24.6,31.7,19.9,17.7,29.1,41.2,43.4,33.5,46.8,27.6,33.6,31,24.4,21.4,24.7,25.8,9.5,38.9
TD,Chad,2008,30.8,34.2,33.3,15.7,32.7,55,29.5,21.5,30.7,36.4,30.7,35.5,33.5,19.8,33.8,28.7,36.8,15.9,33.5
TD,Chad,2009,30.8,33.2,33.3,16.4,26.9,56,29.2,21.7,30.8,35.1,30,32.3,32,22.5,33,30.7,36.8,19.5,35.8
TD,Chad,2010,32.7,38.1,33.6,17.8,32.2,68.9,29.4,21.7,32.3,34.1,31.3,34.3,32,23.7,35.3,32.1,35.8,20.9,39.5
TD,Chad,2011,33.7,37.9,29.9,18.3,33.3,70.2,30.7,23.5,32.8,35.8,32.7,36.3,32.9,25.4,36.4,33.3,38.4,20.9,40.4
TD,Chad,2012,34,38.2,28.4,18.6,34.1,71.9,30.8,24.4,32.2,35.8,32.7,36.2,33.7,25.8,35,34.4,39,20.9,43.3
TD,Chad,2013,33.7,37,29.3,17.3,33.8,67.6,31,24.2,32.2,36.7,32.1,38.5,29.6,24.5,35.9,34.7,39,20,44.9
TD,Chad,2014,34.5,39.9,32.9,16.1,38.4,72.2,32.9,23.9,34.5,40.3,31.1,37.2,28.7,25.6,32.8,34,38.8,21.7,41.6
TD,Chad,2015,35,39.3,38.3,19.2,40.7,59,32.4,23.4,30.9,43,32,38.1,31.1,25.9,32.9,36.2,35.3,23.8,49.5
TD,Chad,2016,34.6,41.2,37.2,17.7,39.1,70.7,30.6,22.1,30,39.8,31.7,38.8,30.1,26.1,31.6,34.9,38.4,21.5,44.9
TD,Chad,2017,35.4,41.6,37.1,23.6,41.7,64,31.2,21.8,31.2,40.6,31.9,38.3,31.1,27.1,31,37,39,19.8,52.2
KM,Comoros,2008,43.6,48.9,39.6,30.3,45.8,79.7,50.9,64.8,50.2,37.8,28.6,25.3,18.2,33.5,37.4,45.8,33.5,48.5,55.5
KM,Comoros,2009,44.2,50.6,38.3,30.3,54.2,79.8,50.7,64.7,50.4,37.2,28.9,28.5,18.2,33.6,35.3,46.5,34.7,48.8,56.2
KM,Comoros,2010,44.5,52.6,41.4,30.3,54.2,84.7,49.1,60.1,50.2,37.1,30.1,29.9,18.2,34.9,37.4,46,33.6,49,55.5
KM,Comoros,2011,44.7,51.6,41.4,30.3,50,84.7,49.6,61.3,51,36.4,29.6,27.5,18.2,35.2,37.4,48,35.2,50.6,58.2
KM,Comoros,2012,45.7,52.9,41.4,30.5,50,89.7,50.3,61.5,51,38.4,30.5,30.6,18.6,35.6,37.4,49,35.9,51.1,60
KM,Comoros,2013,46.9,54.9,43.1,32.8,54.2,89.7,51.8,62.7,52.3,40.4,31.2,35,18.2,35.9,35.9,49.5,36.6,51.2,60.7
KM,Comoros,2014,47.2,56.4,44.8,32.8,58.3,89.6,51.1,66,49.2,38.2,28.1,27,20.3,36.1,29,53.1,41.6,52.4,65.2
KM,Comoros,2015,47.8,58.2,51.4,32.6,54.2,94.6,48.7,61.5,45.4,39.4,30.9,27.5,19.4,36.3,40.3,53.5,41.1,52.4,67.1
KM,Comoros,2016,47.2,57.8,51.9,30.6,54.2,94.6,47.9,62.2,46.2,35.2,31.2,24.9,23.6,35.9,40.3,51.9,35.2,52.4,68.2
KM,Comoros,2017,47.5,55.6,50.3,23.2,54.2,94.6,48.9,64.1,46.4,36.3,31.7,24.1,23.6,39,40.3,53.6,39.6,52.4,68.7
CG,Congo,2008,39.1,44.5,38.7,12.9,41.5,84.8,32.6,30,34,33.8,38.3,40,37.4,37,38.7,41.1,39.5,31.9,51.8
CG,Congo,2009,39.1,44.7,38.7,12.9,42.6,84.8,33.3,30.6,34.5,34.7,38,36.8,36.6,38.3,40.3,40.2,40.4,28.1,52.2
CG,Congo,2010,40.3,45,38.7,12.6,43.6,84.9,33.9,30.7,35.3,35.5,39.6,41.1,36.6,39.2,41.4,43,41.9,33.1,53.8
CG,Congo,2011,41,45.1,38.2,12.9,43.7,85.7,34.1,30.7,35.3,36.3,39.5,41.4,36.6,39.6,40.2,45.3,43.6,36,56.3
CG,Congo,2012,41.7,45,38.9,12.7,42.6,85.9,36.3,30.7,35.3,43,38.9,38.5,36.6,40.1,40.2,46.6,44.4,38.5,56.8
CG,Congo,2013,41.2,46.2,37.8,15.6,45.5,85.9,34.3,30.2,34.6,38.2,39.5,37.1,36.6,40.7,43.4,44.9,44.6,36.3,53.9
CG,Congo,2014,41.7,45.7,38.5,18.7,44,81.5,35.6,28,37.2,41.7,38.4,36.4,31.1,44.2,42,47.1,45.3,36.3,59.6
CG,Congo,2015,40.9,43.5,37.1,16.9,38.8,81.3,36.1,29.2,33.4,45.6,38.5,33.9,31.1,44.6,44.5,45.3,44.4,36.3,55.3
CG,Congo,2016,39.9,41.1,34.3,16.4,39.5,74.2,36.2,26.4,30.2,51.8,37.4,31.9,28.3,44.7,44.5,45,41.8,36.3,57
CG,Congo,2017,39.8,40.3,34.4,15.9,35.2,75.8,36.4,26.2,30.9,52,37.4,33.2,27.5,44.4,44.5,45.1,41.4,36.3,57.6
CI,Côte d'Ivoire,2008,41.8,44,34.6,24.1,44.1,73.1,39.9,32.1,35,52.6,41,36.4,50.5,49,28.1,42.4,31.3,36.3,59.6
CI,Côte d'Ivoire,2009,43,44.8,34.7,26.3,44.7,73.3,40.2,32.1,37.5,51.1,43.5,40.6,49.3,49.3,34.8,43.5,32,37.3,61.2
CI,Côte d'Ivoire,2010,42.6,41.7,36.8,26,42.6,61.3,41.9,37.8,38.1,49.9,43.2,41.3,49.4,46.8,35.4,43.6,31.8,36.9,62.2
CI,Côte d'Ivoire,2011,42.6,42,33.7,28.1,36.6,69.8,42.5,41.8,37.4,48.4,43.5,43,49.5,46.1,35.5,42.5,32.7,35.2,59.6
CI,Côte d'Ivoire,2012,46.1,48.2,38.8,30.5,44.2,79.4,46.4,48.5,41.1,49.7,43.9,46.3,50.7,47.4,31.2,45.9,35.5,38.4,63.7
CI,Côte d'Ivoire,2013,48.4,51.8,42.6,33.3,53.6,77.7,51,55.8,44.6,52.7,44.2,45.6,50.6,47.7,32.8,46.6,35.4,40.3,64.1
CI,Côte d'Ivoire,2014,50.7,55.3,48.3,40,57.6,75.2,51.5,60.7,43.6,50.3,46.6,44.8,50.3,54.2,37,49.3,40.9,42.3,64.7
CI,Côte d'Ivoire,2015,52.6,56.8,48.5,44.9,55.4,78.3,53.5,61.5,48.1,50.9,48,46.2,53.6,54.5,37.8,52.1,42.7,46.4,67.2
CI,Côte d'Ivoire,2016,53.5,58.4,58.8,42.9,51.5,80.5,53.4,60,50.7,49.4,48.8,47.9,55.7,53.2,38.5,53.2,43.9,47.5,68.2
CI,Côte d'Ivoire,2017,54.5,59.4,57.2,47.3,52.4,80.5,55.8,60.7,51.1,55.6,49,47.9,56.2,53.5,38.5,53.8,44.9,47.6,68.9
CD,Democratic Republic of Congo,2008,34.9,31.9,35.8,17.5,33.8,40.5,35.8,37,32.5,38.1,34.2,37.9,36.8,22.5,39.8,37.6,34.7,33.3,44.7
CD,Democratic Republic of Congo,2009,35.2,31.5,35.8,17,33.2,39.9,36.1,37.3,33.2,37.9,34.7,38.9,36.8,20.9,42,38.7,34.7,34.8,46.5
CD,Democratic Republic of Congo,2010,35.5,33.9,36.1,16.8,28.6,54.1,36.1,35.8,33.2,39.2,33.1,38,36.8,21.2,36.2,38.8,35.5,35.2,45.7
CD,Democratic Republic of Congo,2011,35,30.6,36.1,16.8,22.7,46.7,36.1,34.9,33.4,40.1,33.6,40,37.2,21.5,35.9,39.8,35.5,36.1,47.9
CD,Democratic Republic of Congo,2012,34.3,26.5,36,17,19.6,33.4,35.2,31.9,32.7,40.8,34.4,42.6,37.5,21.8,35.9,41,36.3,37.5,49
CD,Democratic Republic of Congo,2013,35.1,27.3,35.5,16.3,23.2,34.3,33.7,26.8,31.9,42.5,38.2,46.5,38,22.3,46.2,41.2,37.9,36.3,49.5
CD,Democratic Republic of Congo,2014,35.4,27.8,36.6,18.9,21.4,34.5,34.5,28.2,34.4,41.1,37.3,44.1,39.8,22.8,42.4,41.7,37.8,37.1,50.3
CD,Democratic Republic of Congo,2015,36,32.5,36,20.4,25.3,48.3,33.6,26.7,33.3,40.9,35.5,43.8,39.9,22.9,35.5,42.5,36.3,37.7,53.6
CD,Democratic Republic of Congo,2016,34.3,26.9,31.2,17.6,21.2,37.6,33,24.5,33.2,41.4,34.3,40.6,38.6,22.6,35.5,43,35.2,37.7,56.1
CD,Democratic Republic of Congo,2017,32.1,19.4,30.6,17.3,8.9,20.9,31.1,23.3,29.2,40.7,33.6,40,34.9,24.7,34.8,44.3,35.2,37.2,60.5
DJ,Djibouti,2008,44.3,55.9,47,22.2,66.6,87.5,33.3,27.8,21.8,50.3,39.6,39.3,36.3,41.4,41.4,48.4,51.8,30.3,63.1
DJ,Djibouti,2009,44.1,53,47,23.6,54.1,87.1,34.1,28.1,22,52.3,39.8,38.8,36.3,41.7,42.4,49.7,53.2,31.7,64.1
DJ,Djibouti,2010,44.7,53.4,47,23.4,56.2,87.1,34.9,27.4,24.4,52.8,39.9,38.9,36.3,42.2,42.4,50.4,54.4,32.4,64.4
DJ,Djibouti,2011,44.8,52.4,47,23.4,54.1,85.1,35.5,27.2,25.8,53.4,40.8,41.5,36.3,42.5,43.1,50.5,51.6,34.1,65.7
DJ,Djibouti,2012,45.3,51.4,47,23.4,49.9,85.3,36,27.3,27.3,53.4,43,42.4,37.4,42.8,49.2,51,52.1,34.9,65.9
DJ,Djibouti,2013,45,51.6,48.6,23.2,49.5,85.2,35.5,28.8,24.3,53.5,42,41.3,37.4,43.2,46.3,50.9,50.8,35.4,66.6
DJ,Djibouti,2014,44.8,52.7,49.6,23,53.2,85,34.2,29,20.8,52.6,39.5,37.8,31.1,43,45.9,53,56,38,64.9
DJ,Djibouti,2015,45.5,51.5,49.6,21.5,53.7,81.4,36,31.6,22.4,53.9,41,37.9,35,44.5,46.8,53.3,50.9,39.4,69.7
DJ,Djibouti,2016,45.5,50.5,43,24.6,53.4,80.8,37.1,34.1,24,53.3,40.7,38.1,32.9,44.8,46.8,53.7,50,40.7,70.5
DJ,Djibouti,2017,45.1,48.6,42.7,21.2,53.9,76.5,35.9,34.6,23.6,49.6,42.6,39.6,32.9,51,46.8,53.2,50,39.7,69.9
EG,Egypt,2008,46,56.7,54.6,32.9,48.3,91.1,24.4,20.7,31,21.5,52.1,52.4,46.7,47.6,61.6,50.9,32.5,50.3,69.8
EG,Egypt,2009,47.5,55.8,53,32.3,46.5,91.3,26,20,35.5,22.4,57.1,53.5,50,50.1,74.7,51.3,32.5,51.1,70.3
EG,Egypt,2010,47.2,53.5,53.2,31.2,40.6,89.1,27.2,18.9,35.9,26.9,56.3,53.2,51.6,50.5,70,51.7,32.5,51.7,70.8
EG,Egypt,2011,45.2,47.7,51.2,31,25.4,83.3,27.4,22.8,35,24.5,54,50.8,45.9,49,70.3,51.5,32.5,51.2,70.7
EG,Egypt,2012,46.1,48.5,45.6,29.5,33.7,85.3,32.8,38.1,36.7,23.6,51.7,50.7,36.7,48.5,70.8,51.4,32,51.7,70.5
EG,Egypt,2013,42.4,38.2,35.8,26.8,23.7,66.3,30.2,32.8,36.9,20.8,49.3,51.1,34.4,46.5,65,51.9,31.4,52.8,71.4
EG,Egypt,2014,44.8,42,49.7,28.5,29.7,60,28.5,33.1,28.7,23.9,53.6,51.4,37.3,53.6,72,55.3,37.9,54.8,73.1
EG,Egypt,2015,47.2,44.9,52.6,37.1,36.9,52.9,27.1,28.1,24.7,28.4,57.7,52.4,42.6,63.3,72.6,59.2,44.4,57.9,75.3
EG,Egypt,2016,48.6,49.5,54.1,38.9,42.5,62.4,26.6,26.6,24.6,28.7,58.4,52.1,44.7,64.1,72.6,59.9,45.9,57.7,76.2
EG,Egypt,2017,49.9,52.2,57.7,39.2,55.4,56.6,26.2,24.5,22.6,31.4,61.1,54.4,46,69.3,74.6,60.3,45.6,59.1,76.1
GQ,Equatorial Guinea,2008,31,42.6,26.8,8.4,47.9,87.2,19.1,11.3,12.3,33.7,19.7,18.7,0,21,39.3,42.7,25,48.7,54.3
GQ,Equatorial Guinea,2009,31.1,42.6,26.8,8.4,47.9,87.3,20.6,13.4,12.3,36.1,17.6,10.2,0,21,39.3,43.6,25,51.8,54.1
GQ,Equatorial Guinea,2010,31.2,42.2,26.4,8.4,46.9,87.4,21.9,13.3,12.3,40,17.3,9.1,0,20.6,39.3,43.6,25,50.8,55
GQ,Equatorial Guinea,2011,31.5,42.4,26.4,8.4,43.2,91.6,23.3,13.9,12.3,43.8,17.4,11.5,0,18.9,39.1,43,25,49.4,54.7
GQ,Equatorial Guinea,2012,31.3,42,26.4,8.4,41.7,91.6,22.6,13.9,12.3,41.6,17.3,10,0,20,39.1,43.3,25,51.2,53.6
GQ,Equatorial Guinea,2013,31.7,42.1,26.4,8.8,41.7,91.6,22.5,13.9,11.6,42.1,17.2,9.5,0,20.3,39.1,44.7,25,51.2,58
GQ,Equatorial Guinea,2014,31.4,42.2,26.4,8.3,42.3,91.6,21.3,13.4,11.7,38.7,17.2,9.2,0,20.6,39.1,45.1,25,51.2,59
GQ,Equatorial Guinea,2015,30.8,41,25.8,5.1,41.7,91.6,21.6,14,11.1,39.7,18.9,11.6,0,25,39.1,41.5,12.5,51.3,60.6
GQ,Equatorial Guinea,2016,31,40.6,25.8,5.1,40.1,91.6,22.1,16.5,11.1,38.8,19.1,11.7,0,25.4,39.1,42.2,12.5,51.3,62.9
GQ,Equatorial Guinea,2017,30.9,40,25.2,5.1,38.2,91.6,22,16.5,10.4,39.1,19.1,12.1,0,25.4,39.1,42.3,12.5,51.3,63.2
ER,Eritrea,2008,32.2,38.2,26.2,28.3,48.7,49.7,20,2.1,8.7,49.2,27.2,30.7,10,14.8,53.2,43.4,39.1,27.9,63
ER,Eritrea,2009,31.4,35.8,15.1,27.4,43.2,57.6,20.1,2.1,7.8,50.2,25.6,30.6,10,13.4,48.4,44,37.3,29.8,64.7
ER,Eritrea,2010,30.9,36.7,14.2,25.5,41.2,65.9,20.5,2.1,7.9,51.5,25.3,31.3,9.7,13.5,46.7,41.1,33,28.6,61.8
ER,Eritrea,2011,29.6,35.7,13.8,24,41.3,63.8,20.3,2.1,7.7,51.1,23.3,25.3,9.3,13.7,44.9,39.2,25.4,27.9,64.3
ER,Eritrea,2012,29.1,35.6,13.3,23,40.3,66,19.3,1.6,7.4,48.9,23.3,25.4,9.3,12.3,46.4,38.1,20.5,27.5,66.3
ER,Eritrea,2013,28.9,35.2,13.2,21.1,40.4,66,19.8,2.2,7.3,49.8,22.7,23.5,8.5,10.9,47.8,38,20.9,25.8,67.2
ER,Eritrea,2014,29.6,35,14,19,40.9,66,17.8,2.7,8.1,42.5,24.2,23,13.4,11.1,49.2,41.7,26.4,26.7,71.9
ER,Eritrea,2015,29.3,34.5,14,17.1,40.2,66.7,17.3,2.7,8.2,41.1,25,21.7,13.4,14.4,50.6,40.4,23.8,25.6,71.9
ER,Eritrea,2016,28.7,33.6,14.3,16.3,40.8,62.9,17.4,2.4,8.2,41.7,23.6,22.7,9.8,11.3,50.6,40,23,25.6,71.5
ER,Eritrea,2017,29.3,35.1,14.9,17.8,40.9,66.6,17.5,2.6,8.1,41.9,24.1,22,12.6,11.3,50.6,40.3,23.6,25.6,71.8
ET,Ethiopia,2008,43.9,47.9,44.6,30.9,54.1,61.9,31.1,24.1,28.2,41.1,53.2,50.1,49.1,45.5,68.1,43.3,52.3,31.8,46
ET,Ethiopia,2009,44.4,47.7,44.4,30.3,53.7,62.2,33,23.9,30.3,44.8,51.6,50.9,49,43.7,62.7,45.4,51.4,35.7,49.1
ET,Ethiopia,2010,45.2,46.4,40.9,30.4,51.1,63.3,33.5,22.9,29.4,48.2,52.7,50.9,53.8,43.9,62.3,48.1,51,41.3,51.9
ET,Ethiopia,2011,46,46.9,39.7,29.6,53.4,64.9,34.4,24.4,28.4,50.3,53.4,52.4,51.4,45,64.6,49.4,50.7,42.2,55.4
ET,Ethiopia,2012,46.1,46.6,38.9,28.5,52.8,66.3,33.7,24.2,27.7,49.2,52.9,55.5,47.9,47,61.2,51.1,56.6,38.6,58.1
ET,Ethiopia,2013,50,51.6,43.6,29.5,62.5,70.6,33.7,24.5,27.7,48.8,56.5,56.6,52.5,53.2,63.9,58.2,66,44.2,64.5
ET,Ethiopia,2014,48.7,52.4,45.5,34.1,54.9,75.1,35.1,25.2,30.4,49.9,51.7,56.2,42.1,46.6,61.9,55.6,58.7,38.3,69.7
ET,Ethiopia,2015,48.8,49.7,45.3,36.7,46.1,70.7,38.3,26,35.6,53.2,51.9,58,40.6,47.9,61.1,55.3,59.1,38.7,68.1
ET,Ethiopia,2016,47.4,44.8,43,39.8,37.2,59.3,39.3,24.6,33.5,59.7,50.4,59.2,34.3,47.6,60.5,54.9,58.5,38,68.3
ET,Ethiopia,2017,46.5,46.4,44.8,36.5,39.8,64.7,35.7,22.2,31.1,53.8,49.3,58.4,31.9,46.8,60.2,54.6,57.8,37.7,68.3
GA,Gabon,2008,42.5,56.4,56.1,28.4,49.3,91.6,41,35.4,45.2,42.4,32.3,26,39.3,34,30,40.4,32.4,23.6,65.3
GA,Gabon,2009,42.6,54.9,56.3,28.6,47.3,87.4,41.4,36.2,43.8,44.1,34.4,24.9,39.3,34.5,38.8,39.9,32.4,23.6,63.7
GA,Gabon,2010,43.4,55.8,56.1,28.8,50.9,87.4,43.2,38.8,43.9,47,34.4,22,39.3,35.3,41.2,40,32.4,23.6,64
GA,Gabon,2011,46.3,57.2,56.1,29.7,55.6,87.5,44.5,38.8,46.3,48.5,35.2,23.5,39.3,37,40.9,48.1,32.4,44.5,67.5
GA,Gabon,2012,45.2,57.5,55.8,31.2,55.6,87.4,45.1,39.5,46.3,49.5,36.5,25.6,39.3,38,43.1,41.7,32.4,23.6,69.3
GA,Gabon,2013,45.8,58.7,54.5,33.6,55,91.6,46.7,39.4,48.9,51.8,35.5,22.4,37.1,38.4,44,42.3,32.4,24.5,70
GA,Gabon,2014,45.4,57.7,53.9,30.2,55.1,91.6,47.8,39.4,46.8,57.2,36.1,24.3,35.8,39.5,44.9,39.8,25.7,26.8,66.9
GA,Gabon,2015,44.7,56,55.2,27.4,49.9,91.6,47.7,39.4,45.8,57.9,36.8,21.6,39.6,39.1,46.7,38.3,24.1,25.6,65.3
GA,Gabon,2016,43.8,54.8,53.5,26.8,47.2,91.6,46.6,38.2,42.7,58.7,36.6,20.4,39.6,39.4,47,37.3,24.2,21.8,65.9
GA,Gabon,2017,42.4,53.4,51.6,25.3,45.2,91.6,46.3,40.2,39.5,59.4,34.6,19.8,34.7,37.1,47,35.2,24.3,16.4,64.9
GM,Gambia,2008,51.9,58.3,47.2,35.7,67.2,82.9,38.8,34.2,26.6,55.6,51.6,43.3,60.1,51.5,51.5,58.8,53,52.8,70.6
GM,Gambia,2009,52,56.2,47.9,33.8,60.2,82.8,37.4,33.1,24.9,54.4,53.9,42.4,58.6,53.1,61.5,60.5,55.2,53.3,72.9
GM,Gambia,2010,52,56.5,47.5,31.8,59.9,86.9,37,32,25.3,53.7,54.3,44,56.1,54.8,62.1,60.2,56.4,51.1,73.1
GM,Gambia,2011,51.1,55.4,47.3,32.2,55.4,86.9,35.7,29.4,24.2,53.4,53.2,45.6,53.4,53.2,60.7,60.2,56.4,51,73.2
GM,Gambia,2012,51.7,53.5,46.7,31.3,49.3,86.8,35.7,29,24.7,53.4,55.9,46.9,58.3,52.5,65.7,61.6,55.9,52.6,76.4
GM,Gambia,2013,50.7,52.9,45.1,29.2,50.7,86.7,35.7,28.4,25.9,52.7,53.9,44.6,54.2,51.3,65.5,60.4,55.5,51,74.6
GM,Gambia,2014,48.7,52.1,45.3,30.3,46.3,86.4,33.4,27.6,26.7,45.9,51.1,43.2,52.3,48.8,60,58.2,54.3,47.8,72.6
GM,Gambia,2015,46.9,47.2,44.4,24.4,42,77.8,32.8,28.1,24.3,46,49.7,39.7,50.4,48.3,60.3,57.9,50.3,49.7,73.8
GM,Gambia,2016,46.4,45.3,42.7,24.5,43.3,70.8,32.9,33.8,21.9,42.9,49.6,37.7,51.1,49.2,60.5,58,50,49.9,74
GM,Gambia,2017,54.9,60.3,63.9,43.8,54.7,78.8,48,55,45.5,43.4,51.6,40.2,56.9,49.7,59.6,59.9,55.5,50,74.1
GH,Ghana,2008,67.2,73,85.9,50.1,64.8,91.2,73.3,79.8,72.7,67.4,57,52.2,66,54.8,55.1,65.4,68.7,56.5,71
GH,Ghana,2009,67.6,72.8,89.8,50.2,59.9,91.1,74.2,80.4,73.4,68.6,58.5,51.2,62.4,54.7,65.8,64.8,67.3,56.2,71
GH,Ghana,2010,67.6,73.9,89.8,50.9,63.8,91.2,74.8,80.9,73.7,69.7,55.6,49.5,61.4,54,57.7,65.9,67.4,58.8,71.7
GH,Ghana,2011,68,74.2,89.8,51.1,64.7,91.2,75.1,80.9,73.9,70.5,56.4,52.8,59.4,53.3,60.1,66.3,66.2,60.5,72.3
GH,Ghana,2012,67.2,73.4,88.3,50.6,65.8,88.9,74.6,79.8,74.4,69.6,54.1,47.4,55.5,52.9,60.4,66.7,66.8,61,72.2
GH,Ghana,2013,66.7,73.2,90.7,50,64.9,87.1,74.1,78.7,74.7,69,53.8,48.8,57.4,49,60.1,65.5,64.9,61.7,70
GH,Ghana,2014,64.5,70.7,88.2,44.7,62.6,87.4,74,78.7,74.2,69.2,51.2,47.2,53.5,45.9,58.1,62.1,61.4,58.1,66.9
GH,Ghana,2015,64.3,68.5,87.7,43.6,57.3,85.4,71.8,79.6,69.8,65.9,53.3,50.7,55.9,48.7,57.8,63.5,62.3,60.9,67.3
GH,Ghana,2016,66.4,70.4,89.4,46.3,58.6,87.3,71.8,79.3,70.5,65.7,56.2,52.2,60,54,58.4,67.2,64.6,63.7,73.4
GH,Ghana,2017,68.1,70.7,90.6,45.2,61.6,85.4,73,82.6,70.3,66.1,58.6,52.3,61.4,61.5,59.2,69.9,67.1,66.6,76.1
GN,Guinea,2008,39.8,45.5,31.7,22.5,45,82.9,33.9,19,31.7,51,38.4,40,38,26.1,49.5,41.5,38.1,32,54.3
GN,Guinea,2009,39,42.1,26.2,24,39.6,78.7,34.9,18.7,34.8,51.3,37.2,34.7,38,26.4,49.5,41.8,38.1,33.3,54.1
GN,Guinea,2010,42.9,50.1,39.8,25.1,44.4,91,43.1,40.3,35.1,54.1,35,34.7,37.7,26.7,41.1,43.1,38.6,34.2,56.6
GN,Guinea,2011,44.6,51,40.7,26.9,45.2,91.1,47,50.2,37.4,53.4,37.1,43.1,37.7,27.1,40.7,43.4,37.5,34.5,58.3
GN,Guinea,2012,44.7,52.2,41.3,28.2,48.4,91,45.8,47.3,38.5,51.4,35.8,41.4,38.1,27.5,36,45.1,40.8,35.8,58.7
GN,Guinea,2013,44.1,50,39.9,27.7,43.4,89,44.3,45.3,38.2,49.4,35.3,39.2,38.1,27.5,36.5,46.8,41.7,36.8,61.9
GN,Guinea,2014,43.7,50.6,47.5,21.9,43.8,89.2,45,48.5,38.9,47.5,33.4,37.9,35.4,24.5,36,45.9,42.9,35,59.8
GN,Guinea,2015,43.8,49.5,50.7,17,42.9,87.3,46.7,50.6,39.4,50.2,34.1,37.8,36.8,27.4,34.3,44.7,43.8,33.5,56.9
GN,Guinea,2016,45.7,53.2,52,24.3,47.1,89.2,47.9,53.9,44.2,45.7,37.2,44.3,42.7,27.9,34.1,44.3,41.7,33.2,58.1
GN,Guinea,2017,45.9,52.6,55.2,27.1,40.7,87.2,47.7,53.9,44,45.2,38.6,43.5,49.8,27.5,33.8,44.6,40.4,32.9,60.5
GW,Guinea-Bissau,2008,39.3,46.8,38.1,13.5,48.5,87.1,40.9,55.7,37.4,29.6,27,27.8,19.3,23.4,37.6,42.5,37.5,.,47.5
GW,Guinea-Bissau,2009,39.5,44.4,38.1,12.3,40.2,87.1,43.2,50.6,45.1,33.7,27.9,30.9,19.3,26,35.3,42.6,36.3,.,49
GW,Guinea-Bissau,2010,40.8,44.6,38.2,12.1,40.6,87.2,43.8,47.6,47.5,36.2,28.9,31.2,20.4,26.6,37.2,45.8,39.9,46.7,50.8
GW,Guinea-Bissau,2011,40.4,43.5,37.7,12,41.4,83,44.5,47.6,47.5,38.5,28,33,20.4,27,31.6,45.6,39.9,.,51.2
GW,Guinea-Bissau,2012,37.2,39.6,23.3,8.9,43.3,83,39,39.7,42,35.3,26.7,27.6,19.7,28.1,31.6,43.5,34,.,53.1
GW,Guinea-Bissau,2013,36.4,39.3,25,9.9,41.3,81.1,40.2,40.2,43.6,36.7,23.9,25.9,19.3,28.1,22.3,42.3,30.1,.,54.4
GW,Guinea-Bissau,2014,40,41.4,29.9,9.1,37.3,89.4,48.1,55.4,43.2,45.7,26.8,24.5,25.6,35,22.3,43.6,29.6,.,57.5
GW,Guinea-Bissau,2015,41,45.2,34,18.4,40.6,87.6,48.7,59.9,48.9,37.2,26,25.6,25.6,32.5,20.5,44.2,30.3,.,58.2
GW,Guinea-Bissau,2016,41,43,33.2,11.8,37.4,89.4,47.1,61,45.4,35.1,27.7,24.6,30.1,35.6,20.5,46.2,31.2,.,61.2
GW,Guinea-Bissau,2017,40.2,42.3,34.5,10.1,37.1,87.5,44.3,59.6,39.5,33.8,28,25.7,30.1,35.9,20.5,46.1,31.2,.,61
KE,Kenya,2008,53.7,51.8,52.7,38.3,40.6,75.7,51.6,51.5,46.1,57.4,53.3,58.1,50.6,44.1,60.5,57.8,44.1,69.3,60
KE,Kenya,2009,52.8,52.6,51.8,37.4,46.3,75.1,51,51.5,45.8,55.8,51.7,55.7,49.1,46,55.9,56,46.6,60.6,60.9
KE,Kenya,2010,54.5,53.1,57.4,38.5,45.5,71.2,52.6,52.1,48.4,57.3,53.3,54.7,48.3,48.2,62,58.8,47.1,68.8,60.7
KE,Kenya,2011,55.7,54.1,58.4,40.1,48.9,69.2,52.6,52.3,49.8,55.8,54.3,56.7,48.8,50.5,61.5,61.6,47.6,68.5,68.8
KE,Kenya,2012,55.5,51,59.3,40.3,38.9,65.5,53.6,54.2,49.8,56.9,56.1,59.5,48.5,53.7,62.9,61.2,49.1,65.5,68.9
KE,Kenya,2013,56.2,49.1,55.9,42.1,35.8,62.7,56.2,60.1,48.6,60,56.7,58.9,49.3,53.9,64.9,62.6,51.8,67.3,68.8
KE,Kenya,2014,58,52.3,57.6,44.1,41.5,65.9,57.5,60,48.3,64.3,57.7,58.3,54.8,55.3,62.5,64.5,54.5,71.1,67.9
KE,Kenya,2015,59.1,53.9,60.6,44.3,49.8,61,57.6,61.7,48,63.2,58.8,57.7,56.8,56.7,64,66.2,58.2,71.1,69.2
KE,Kenya,2016,60.5,57.4,60.7,43.3,53.3,72.4,56.8,61.9,48.9,59.6,59.4,58.9,56.2,58.3,64.2,68.5,59.5,72.3,73.6
KE,Kenya,2017,59.8,55.1,59.3,45.4,44.9,70.9,55.6,52.1,51.8,62.9,60,58.5,57.6,59.4,64.5,68.5,59.5,72.7,73.4
LS,Lesotho,2008,57.1,65,67.8,45.8,54.6,91.6,62.2,61.8,51.8,73.1,50,55.8,53.7,38.3,52.2,51.2,44.7,51.7,57.2
LS,Lesotho,2009,57.5,65.3,68.8,47.7,52.9,91.6,61.4,61.6,50.8,71.9,51.1,59.2,54.6,38,52.5,52.1,44.2,51.6,60.5
LS,Lesotho,2010,57.1,64.7,68.5,45.8,53,91.7,61.1,61.8,51.6,70,50.4,56.1,55.1,37.6,52.6,52.2,43.7,50.9,62.1
LS,Lesotho,2011,57.3,66,67.9,44.5,55.9,95.8,60.8,62.4,51.6,68.4,50.3,55,54.8,37.1,54.4,52,44,48.1,63.8
LS,Lesotho,2012,57.8,67.1,68.1,47.5,57.2,95.7,63.3,69,52.4,68.6,50.3,57.4,53.5,36.3,53.9,50.3,42.9,44.9,63.2
LS,Lesotho,2013,59,66.9,66.5,52.4,52.9,95.7,65.9,74.8,54.1,68.8,51.9,57.5,55.8,38.3,56.2,51.1,44.6,45.6,63.2
LS,Lesotho,2014,58.2,68,67.8,56.9,55.5,91.6,63.3,70.3,51,68.7,50.2,54.6,50.6,42.3,53.3,51.3,47.7,47.6,58.7
LS,Lesotho,2015,57.9,66.7,69.2,56.1,54.1,87.5,62.8,67.2,52.7,68.5,48.8,54.8,43.5,44.2,52.7,53.3,48.6,48.7,62.6
LS,Lesotho,2016,57.8,66.2,64,52.6,60.7,87.5,63.8,67.2,52.7,71.5,47,52.5,38.8,44.3,52.5,54.1,49.1,47.9,65.4
LS,Lesotho,2017,57.1,65.9,66.6,53,60.9,83.3,62.4,67.1,49.9,70.1,46.1,51.4,35.4,43.8,53.6,53.9,50.1,47.7,63.8
LR,Liberia,2008,46.8,54.2,47.3,36.5,56.4,76.8,57.4,67.7,47.6,56.9,33.6,36.4,41.4,32.9,23.8,42.1,34.3,49.5,42.5
LR,Liberia,2009,48.1,57.6,55.6,38.6,58.6,77.6,56.7,68.8,43.5,57.9,35.3,35.4,41.6,34.2,29.9,42.9,34.8,49.2,44.7
LR,Liberia,2010,49.1,57.8,55.3,38.9,58.7,78.1,57.6,69.9,43.6,59.2,37.7,36.3,41.8,34.4,38.4,43.5,36.1,49.9,44.6
LR,Liberia,2011,49.9,57.9,55.3,39.1,54.5,82.7,57.7,68,43.8,61.2,38.1,37.8,42,34.5,38.1,45.8,38,51,48.4
LR,Liberia,2012,50.5,59,56.1,38.9,53.6,87.5,57.4,67.1,44.1,60.9,38.6,39.4,42.2,34.6,38.1,46.9,39.1,52.2,49.4
LR,Liberia,2013,49.2,56.5,55.9,32.2,51.4,86.3,56.7,66.5,42.9,60.7,38.3,38.6,39,33.2,42.6,45.3,38.3,48.8,48.9
LR,Liberia,2014,49.9,58.8,57.6,37.2,53.5,86.7,54.9,65.9,41.2,57.6,39.4,36.8,42.9,34.9,42.9,46.7,45.9,46.9,47.3
LR,Liberia,2015,50.3,59,58.2,38.7,51.8,87,57.5,69.2,46.9,56.3,39.4,37.4,41.2,36,43.2,45.2,39.4,45,51.1
LR,Liberia,2016,51.2,61.4,63.1,39.3,54.1,89,58,68.1,49,57,39.3,39,39.8,35.7,42.5,46.2,39.3,43,56.1
LR,Liberia,2017,51.6,59.5,65.3,34.9,50.7,87.2,60.3,74,49.5,57.6,39.4,40.7,41,35.1,40.8,47,43.4,40.4,57.3
LY,Libya,2008,43.9,50.6,30.7,20.8,63.6,87.3,15.5,11.9,20.6,13.9,46.3,33.5,38.9,62,50.6,63.1,58.6,44.5,86.1
LY,Libya,2009,43.3,48.4,30.7,20.1,55.5,87.3,15.8,11.9,20.6,15,46.4,30.4,41.8,65,48.4,62.4,58.6,42.4,86.3
LY,Libya,2010,41.4,42.1,28.8,17.9,42.8,79,15.7,11.8,19.6,15.9,46.3,30.1,38.8,60.1,56,61.5,58.6,39.8,86.1
LY,Libya,2011,38.9,30.8,27.3,20.8,19.9,55.4,20.8,21.7,23.1,17.6,41.1,23.2,36.4,57,47.9,62.9,58.6,44.4,85.7
LY,Libya,2012,44,43.6,33.1,28.6,36,76.6,33,43.7,30.5,24.7,39.4,27.3,33.9,56.7,39.8,59.9,53.3,40.6,85.9
LY,Libya,2013,40.6,39,29.3,24.9,29.7,72.2,35.9,52.3,32.4,22.9,31.6,22,26.5,54,23.8,55.9,48,34.4,85.3
LY,Libya,2014,31,23.3,22.6,19.2,19.8,31.4,30.3,40,26.4,24.5,25.1,19,22.1,46.3,13.2,45.2,29.6,25.3,80.6
LY,Libya,2015,28,19.8,20.1,16.6,14.9,27.6,24.6,33.8,22.4,17.6,24.8,18.7,21.1,46.3,13.2,42.7,25.7,17,85.2
LY,Libya,2016,28.7,22.4,22.5,17.4,16.9,32.8,24.9,33.4,22.6,18.6,23.4,18.9,16.1,45.4,13.2,44.1,25.7,17,89.6
LY,Libya,2017,28.3,21.9,19.6,18.2,14.3,35.5,23.6,32.2,21.5,17.1,23.7,21.9,14.4,45.4,13.2,44.1,25.7,17,89.6
MG,Madagascar,2008,53.4,58.8,54.5,37,60.2,83.3,57.7,56.1,55.2,61.9,48.1,53.7,44.5,33,61.4,49.2,48.7,39.7,59
MG,Madagascar,2009,49.7,49.5,42,34.1,42.8,78.9,54.3,48.8,51,63.1,46.5,50.5,43.6,33.1,58.7,48.7,46.5,41.2,58.4
MG,Madagascar,2010,48.1,47.3,34.8,31.3,40.1,83.2,53,41.9,51.2,65.8,44.4,48.5,41.2,33.1,54.7,47.7,42.6,42.6,57.8
MG,Madagascar,2011,46.4,45.5,33.4,31.3,33.9,83.3,51.9,35.9,50.4,69.5,42.4,44.7,37.6,31.9,55.6,45.6,36.7,41.4,58.7
MG,Madagascar,2012,45.5,45.2,32.2,30.4,35.7,82.5,51.2,36.9,46.8,69.9,42,45.8,35.6,31.3,55.1,43.5,34.2,39.1,57.2
MG,Madagascar,2013,46.7,49.1,31.8,30.1,43.8,90.5,53.5,43.6,46,71,41.7,45.4,34.1,30,57.2,42.5,33.4,37.5,56.6
MG,Madagascar,2014,47.6,53.6,55.3,30.1,39,90,57.2,55,45.8,70.7,39,43.2,30.8,27.5,54.4,40.5,36.1,35.9,49.4
MG,Madagascar,2015,48,53.6,55.5,31.7,39.9,87.1,61.8,62,49.2,74.1,38.2,42.4,30.5,26.2,53.7,38.6,36.9,34.5,44.2
MG,Madagascar,2016,49,54.4,55.7,31.3,41.6,88.8,62.5,63.6,50.3,73.6,39.1,44.3,32.5,26.1,53.5,40.1,38.1,34.4,47.8
MG,Madagascar,2017,49,55.3,56.5,33.6,42.2,88.7,60.6,60.6,47.5,73.5,38.9,42.2,32.9,26.5,54,41.3,38.1,34.7,51.1
MW,Malawi,2008,57.2,68.7,71.5,43.4,59.8,100,57.1,58.4,53.5,59.5,52.8,53.6,57.7,43.1,56.9,50.3,53.5,35.5,61.9
MW,Malawi,2009,57.5,67.8,67.1,43.4,60.5,100,59.5,61.1,55,62.6,52.1,51.7,56.4,43.7,56.7,50.6,53.3,35.3,63.4
MW,Malawi,2010,57.8,67.3,66.4,42.2,60.8,100,61.1,64,55.1,64.2,52.1,51.9,54.9,43.5,57.9,50.7,52.6,37.2,62.3
MW,Malawi,2011,57.4,65.4,65.9,40.9,54.7,99.9,61.7,66,54,65.1,51.1,51.5,53.1,43.4,56.3,51.6,51,38.2,65.5
MW,Malawi,2012,57.6,65.2,69.5,39.3,52.3,99.9,63.2,67.4,56.2,65.8,49.8,51.4,49,44,55,52.1,50.5,38.1,67.6
MW,Malawi,2013,58,65.6,71,39,56.7,95.8,63.8,67.5,58,65.8,50,53.1,48,43.6,55.1,52.6,51.4,38.3,68.2
MW,Malawi,2014,56.3,63.6,71.1,33.4,54.3,95.6,63.4,64.3,61.3,64.6,48,50.9,47,43.8,50.4,50.3,50.4,35.5,64.9
MW,Malawi,2015,56.3,64.5,77.1,30.1,55.2,95.6,63.4,64,65.6,60.6,46.7,49.4,46,41.3,50,50.7,48.4,35.5,68.1
MW,Malawi,2016,56,64.3,75.7,33.9,51.9,95.5,64.1,63.7,64.8,63.7,45.6,50.4,44.2,37.8,49.9,50,46.3,35.3,68.3
MW,Malawi,2017,55.8,66.3,75.8,38.3,55.7,95.4,64.5,66.6,66.1,60.9,42.8,44.7,41.6,35.3,49.5,49.5,45.3,34.7,68.4
ML,Mali,2008,54.1,60.8,59.1,44.5,60.4,79.2,60.8,69.8,66.5,46.2,48.7,49.2,47.1,39.2,59.1,46.1,45.6,32.5,60.2
ML,Mali,2009,54.5,58.3,58.6,41.7,57.4,75.7,62,70.8,67.3,47.9,50.4,50.8,50.2,39.2,61.5,47.3,45.9,33.6,62.5
ML,Mali,2010,54.8,59.5,57.1,41.5,56.2,82.9,62.8,71.5,67.5,49.5,48.8,51.2,47.6,40.3,56.3,48.3,46.5,34.8,63.6
ML,Mali,2011,55.7,58.9,56.1,42,57,80.6,63.6,72,67.5,51.3,50.5,52,49,41.8,59.3,49.6,47.6,36.4,64.9
ML,Mali,2012,51.2,50.6,51.5,40.1,52,58.9,53.9,55,58,48.6,50.8,51.3,50.3,43.5,58.2,49.4,45.1,37.4,65.7
ML,Mali,2013,49.8,50,49.1,37.5,46.4,66.9,50.3,51.6,51.9,47.4,50.1,50.1,46.9,44.6,58.7,48.9,43.5,37.6,65.6
ML,Mali,2014,50.3,52.7,54,36.1,52.2,68.6,48.7,52.4,52.2,41.5,48.4,46.1,45.5,45.9,56.3,51.2,51.5,36.5,65.7
ML,Mali,2015,50.9,52.5,58,36.4,51.2,64.1,52.2,57.5,54.5,44.7,48.3,46.6,44.8,45,56.9,50.4,48.3,35.9,67
ML,Mali,2016,51.1,54.6,57.4,40.7,47.9,72.3,50.1,56.9,53.3,40.1,48.9,48.2,44.4,46.3,56.7,50.8,46.4,37.6,68.3
ML,Mali,2017,50.1,49.7,56,40.7,39.5,62.6,50.3,57.2,53.4,40.1,49.6,49.1,44.7,47.9,56.9,50.6,45.1,37.8,69
MR,Mauritania,2008,42.2,41.4,33.3,22.5,40.6,69.3,37,31,37.4,42.5,46.5,42,47.1,42.1,54.7,43.8,50.4,29.6,51.4
MR,Mauritania,2009,43,43.2,40.7,21.6,40.3,70.2,37.7,32,38.2,42.8,47.4,42.8,50.6,42.7,53.6,43.6,48.6,30.8,51.3
MR,Mauritania,2010,44.1,46.5,41,21.9,43.7,79.3,39,34,39.9,43.2,47.5,44.7,47.1,42.7,55.7,43.4,47.7,30,52.5
MR,Mauritania,2011,44.3,45.4,41.8,22.4,38.3,79.2,41,37.7,42.3,43,46.4,46,42.3,43,54.3,44.2,49.5,28.7,54.4
MR,Mauritania,2012,45.6,47.2,42.1,22.6,40.3,83.7,40.1,36.6,44.3,39.4,49.2,48.5,45.6,47.7,55,45.8,49.6,31.4,56.4
MR,Mauritania,2013,44.1,44.9,38.6,21.3,37.8,81.9,37.6,33,43.2,36.8,46,49.9,38,45.8,50.3,48,51.5,34.5,58.1
MR,Mauritania,2014,43.8,43,33.5,19.6,36.9,82.1,36.7,32.5,41,36.6,43.7,49.1,32.3,45.3,48.1,51.8,54.9,34.7,65.8
MR,Mauritania,2015,43.9,44.2,33.8,23.1,39.6,80.3,36.3,31,42.3,35.8,44.2,49.6,33.3,43.8,50.3,50.9,54.5,33.7,64.6
MR,Mauritania,2016,43.8,45.4,35.6,26.6,37.2,82.1,37.7,32.1,41.9,39,42.6,49.6,30.6,39.4,50.9,49.6,55,30.3,63.5
MR,Mauritania,2017,43.4,46.2,37.2,27.4,39.9,80.3,36.5,31,39.5,39,42.7,49.3,30.5,38,53,48.3,56.5,29,59.2
MU,Mauritius,2008,80.2,81.3,96,68.9,65.1,95,75.6,85.3,79.8,61.7,75,54.3,86.1,78.3,81.4,88.8,86.1,82,98.4
MU,Mauritius,2009,80.9,83.7,95,68.3,71.4,100,76.1,85.3,79.8,63,74.7,53.8,85.6,77.6,81.6,89,86.1,82.6,98.4
MU,Mauritius,2010,81.1,83.5,95.3,67.3,71.3,100,77.1,86.5,79.9,65,74.6,53.1,84.6,78.6,82,89.3,85,84.5,98.4
MU,Mauritius,2011,81.4,83.1,95.2,65.9,71.3,100,78.5,89.6,80,66,74.6,54,83.5,79.6,81.4,89.3,84,85.5,98.3
MU,Mauritius,2012,81.7,83.1,94.8,65.8,71.7,100,78.7,89.1,82.1,64.9,75.7,56.3,84.1,80.8,81.4,89.4,83,87.1,98.2
MU,Mauritius,2013,81.1,80.6,93.7,65.4,63.4,100,78.3,88.1,82.4,64.5,76.6,55.5,82.9,84.9,83.1,88.9,81,88.3,97.6
MU,Mauritius,2014,80.5,80.3,93.8,62.3,65.4,100,77.5,89.3,83.2,59.8,77.5,58.3,80.1,90.9,80.5,86.7,75.9,87.4,96.8
MU,Mauritius,2015,80.1,78.6,93.5,59.7,61.1,100,78.1,91.2,79.3,63.9,76.6,61.6,75.1,89.3,80.3,87,79.5,85.4,96.2
MU,Mauritius,2016,80.1,81,93.3,63.2,67.6,100,78.1,89.4,81.4,63.6,75.9,63.9,74.5,85.4,80,85.1,76.4,85.1,93.9
MU,Mauritius,2017,79.5,81.3,93.3,64.6,67.2,100,77.2,89.4,78.7,63.6,74.8,61.7,74.4,83,80.1,84.6,76.9,83.8,93.2
MA,Morocco,2008,51.1,60.7,58.5,38.1,58.8,87.4,37,31.6,38.6,40.9,54.2,54.3,51.3,50.9,60.2,52.6,40.9,47,70
MA,Morocco,2009,51.2,59.9,57.9,36.9,57.5,87.4,36.5,31.3,39.3,38.8,55.2,57.2,49.9,53.1,60.5,53,40.9,47.1,71.2
MA,Morocco,2010,51.4,59.8,57.3,37.6,56.8,87.4,36,31.1,39.1,37.7,54.9,54.9,50.3,54,60.3,55,41.9,50.6,72.5
MA,Morocco,2011,51.7,56.9,57,37.2,50.2,83.2,37.3,33.1,41,37.6,55.9,55.7,51.3,55.9,60.8,56.7,42.9,54.2,73.1
MA,Morocco,2012,53.3,58.5,57.7,38.4,54.9,83.2,38.7,34.7,44.5,36.8,58.1,59.9,54.1,58.5,60.1,57.9,41.9,56.4,75.4
MA,Morocco,2013,54.7,57.2,58.1,38.6,48.8,83.2,39.2,35.7,45.4,36.5,64.4,63.2,59.3,61.8,73.4,57.9,40.9,57.2,75.6
MA,Morocco,2014,54.9,56.3,55,39.1,47.9,83.2,38,35.1,43.4,35.4,66.8,64.6,61,66.2,75.5,58.5,41.6,57.5,76.5
MA,Morocco,2015,56.7,59,56.5,43,55.1,81.4,40.8,38.4,44.8,39.2,67.7,64.5,58.5,69.1,78.6,59.5,45.8,55.8,76.8
MA,Morocco,2016,58.2,61.4,57.9,45.8,60.3,81.4,42.5,39.5,48.3,39.8,67.6,65,57.3,69,79,61.4,46.6,56.9,80.8
MA,Morocco,2017,58.4,61.9,59.2,46.5,58.9,83.2,41.8,37.3,47.6,40.6,68.3,64.2,59.3,70.4,79.1,61.6,47.3,56.5,80.8
MZ,Mozambique,2008,54,62,60.4,40.8,55.5,91.5,57.3,62.2,57,52.8,49.4,48.8,50.2,43.2,55.6,47.3,52,35.7,54.3
MZ,Mozambique,2009,54.9,63.1,64,39.3,57.9,91,57.6,60.9,55.8,56.1,50.7,50.3,51.5,44.4,56.5,48.2,50.3,37.6,56.6
MZ,Mozambique,2010,54.4,61.9,62.9,39.4,53.9,91.5,57.1,59,54,58.4,50.5,48.8,53,43.3,57,48.2,49.8,40,54.7
MZ,Mozambique,2011,54.3,63.4,62.7,39.2,60,91.6,55.5,57.6,48,61,50.6,51.4,51.5,42.6,56.7,47.7,47.8,38.5,56.7
MZ,Mozambique,2012,53.8,61,62,37.9,57,87.1,56.7,57.6,50.4,62.1,50.4,53.6,49.5,40.5,58.1,47.2,47.8,35.1,58.7
MZ,Mozambique,2013,52.8,56.8,60.3,35.5,53,78.4,57.8,58.6,51.9,62.9,49.8,54.4,49.1,41.3,54.5,46.8,47.2,33.4,60
MZ,Mozambique,2014,52.3,56.4,56,30.5,53.4,85.5,57.1,57.6,50.5,63.1,49.8,53.2,48.7,40.8,56.6,46,44.3,32.8,60.9
MZ,Mozambique,2015,53,56.5,55.7,30.5,52.8,87,58,55.7,55.1,63,51.2,52,48.9,41.6,62.3,46.1,44.4,32.4,61.6
MZ,Mozambique,2016,51.3,53.3,53.7,29.2,49.1,81.3,54.7,49.1,50.9,64.2,49.8,48.3,47.3,41.4,62.1,47.4,44.2,32.2,65.7
MZ,Mozambique,2017,51,54.6,53.8,30.5,48.3,85.9,52.6,45.7,47.2,64.8,49.3,48.8,44.6,42,61.8,47.6,44.2,32.2,66.5
NA,Namibia,2008,65.3,79.1,92.2,67.5,65.5,91.4,66.1,75.1,69.6,53.7,60,49.5,71.6,61.1,57.9,55.8,50,50.1,67.4
NA,Namibia,2009,66,78,86.8,67.3,66.2,91.5,66.6,73.9,70.5,55.3,60.5,50,70.6,62,59.6,58.9,49.9,59.2,67.6
NA,Namibia,2010,65.7,77.6,87,66.3,65.5,91.4,67.1,74.2,70.8,56.2,58.9,43.2,69.2,63,60.2,59.2,49.7,59.4,68.5
NA,Namibia,2011,66.1,77.9,86.6,63.7,65.6,95.6,68.4,75.3,71.7,58.4,58.7,47.7,65.5,62.1,59.6,59.4,49.6,58.8,69.8
NA,Namibia,2012,65.9,75.5,85.6,61.9,58.7,95.6,68.6,76.8,71.2,57.9,58.6,52,61.9,60.8,59.6,60.8,50.5,61.1,70.7
NA,Namibia,2013,67.3,75.7,85.8,63.2,58.2,95.5,69,79.3,70.1,57.7,60.4,52.9,63.2,65.9,59.6,64,53.7,65.2,73.2
NA,Namibia,2014,68.9,76.7,87.8,65.9,57.6,95.6,73.2,82,67.3,70.4,59.9,50.3,61.7,68.5,59.1,65.7,55,66.1,76
NA,Namibia,2015,69,77.1,88.4,60.8,59.6,99.7,74.5,82.5,70.7,70.5,59.5,48.1,62.2,68,59.7,64.8,57.6,65.9,71
NA,Namibia,2016,69.3,78.3,88.1,60.7,64.7,99.7,74.3,81.8,70.6,70.6,59.3,48.7,61,67.4,60.2,65.2,57.3,63.8,74.5
NA,Namibia,2017,68.6,77.1,84.9,59.8,64.1,99.7,74.9,81.3,73.5,69.9,59.4,53.7,57.7,66.2,60.1,63,53.5,60.7,74.7
NE,Niger,2008,45.6,54.7,51.8,38.6,57.7,70.6,47.7,58.6,47.6,37,40.7,47.6,36.8,23,55.4,39.2,43.8,24.8,49
NE,Niger,2009,45,53.4,51.9,36.6,50.3,74.7,44.7,53.6,43.9,36.5,41.3,43.5,44.6,23.2,54,40.6,44.5,25.7,51.6
NE,Niger,2010,47,55.9,46.4,37.9,56.2,83,48.9,58.2,48.8,39.6,40.7,44.2,44.6,23.6,50.3,42.7,44.4,27.4,56.4
NE,Niger,2011,50.7,59.3,60.8,39.8,57.8,78.8,57.5,75,55.2,42.3,41.7,48,44.6,23.8,50.3,44.2,45.6,29.7,57.5
NE,Niger,2012,50.4,57.5,51.3,38.6,58.8,81.2,59,74.2,58,44.8,40.7,50.5,44.4,24.1,43.9,44.6,46.7,29.2,57.9
NE,Niger,2013,50.3,57.5,51.4,38.7,60.7,79.3,58.3,71.9,58.7,44.2,41,49.1,44,24.4,46.5,44.5,46.3,28.5,58.7
NE,Niger,2014,50.8,56.5,53.6,38.6,62.9,70.9,56.9,65.6,58.1,46.9,44.4,47,51.3,30.9,48.3,45.3,46.7,32,57.2
NE,Niger,2015,51.1,53.4,54.1,37.7,61.6,60.3,56.1,65.6,59.5,43.4,47.5,46.8,59.8,35.1,48.3,47.3,50.5,34.7,56.8
NE,Niger,2016,50.8,53.7,53.2,37.8,59.5,64.1,55.5,58.4,59.6,48.5,47,45.2,57.7,36.7,48.3,47.2,50,35,56.7
NE,Niger,2017,51.2,54.4,51.5,38.3,63.3,64.6,56.1,58.3,62.1,48,47,44.1,57.7,38,48.3,47.2,49.1,33.6,58.7
NG,Nigeria,2008,45.1,51.8,65.9,26.9,39.4,75,44.7,44.6,43.1,46.4,40.8,47.5,44.9,28.5,42.3,43.2,44,39.8,45.9
NG,Nigeria,2009,45.6,52.3,64,26.9,46.4,71.8,45.1,44.1,44.6,46.6,40.7,44.1,43.3,29.1,46.1,44.5,43.2,42.1,48.1
NG,Nigeria,2010,45.5,50.7,51.8,27.5,43.2,80.3,46.6,46.6,45.7,47.6,39.5,44.1,39.5,29.1,45.2,45.1,42.5,45.6,47.2
NG,Nigeria,2011,45.3,49.9,51.4,27.7,46.8,73.7,47.9,49.2,45.2,49.2,39.9,45.6,39.1,30,45.1,43.5,42.6,40.4,47.5
NG,Nigeria,2012,45.1,44,51.5,27.4,34.6,62.6,50.6,54.4,45.6,51.8,42.2,48.8,39.6,31,49.4,43.4,43.7,39.1,47.3
NG,Nigeria,2013,45.3,41.5,54,25.9,31.1,54.7,52.1,60.7,43.8,51.7,43.6,48.7,39.3,31.5,54.8,44,44.4,38.8,48.8
NG,Nigeria,2014,44.4,40.9,48.8,27.2,30.4,57.2,50.7,60,40.5,51.6,40.3,46.5,41.8,34.3,38.8,45.7,46.9,37.6,52.6
NG,Nigeria,2015,46.5,42.5,56.9,30.9,32.5,49.7,53.1,64.1,46,49.1,43.9,45.3,43.7,36.9,49.7,46.7,45.5,36.5,58
NG,Nigeria,2016,47.9,47.4,63.2,34.7,41.7,49.9,52.9,62.7,43.1,53.1,44,44,44.3,39,48.6,47.3,48.1,37.9,56.1
NG,Nigeria,2017,47.9,46.4,62.6,34.5,37.9,50.4,53.2,62.7,43.1,53.6,43.5,43.6,43.5,39.7,47.2,48.7,51.7,38.1,56.2
RW,Rwanda,2008,58.4,66.9,63.5,58.8,61.2,84.3,45.5,30,38.1,68.4,62.4,54,74.1,52,69.7,58.5,65.3,35.9,74.3
RW,Rwanda,2009,58.4,64.6,57.9,58.5,63.9,78.1,45.9,31,34.4,72.2,62.8,54.4,72.1,51.7,73,60.2,65.3,39.8,75.5
RW,Rwanda,2010,58.5,61.1,52.9,59.1,58.1,74.5,47.4,29.7,34.9,77.6,63.9,54.2,74.9,52.2,74.3,61.5,65.5,42,77
RW,Rwanda,2011,59.8,60.6,53.2,58.3,55.4,75.3,49,30.7,35.4,80.9,65.7,54,78.5,53.7,76.5,64,66.6,44.9,80.4
RW,Rwanda,2012,61.2,59.9,53.9,58,58.4,69.3,49.5,30.9,34.9,82.6,68.9,59.1,84.5,55,76.9,66.5,71,46.8,81.6
RW,Rwanda,2013,61.9,60.8,55,61.4,54.7,72.1,50.5,32.1,34.8,84.6,68.6,59,84.7,54.5,76.4,67.8,72.8,48.3,82.1
RW,Rwanda,2014,62.8,62.8,54.4,62.9,59.8,74.3,49.8,33.6,31.4,84.5,69.5,62.6,84.5,52.7,78.3,69.1,77.5,47.4,82.5
RW,Rwanda,2015,63.3,62.5,55.6,65.1,64.2,65.1,51.6,33.9,32.7,88.1,71,62.2,84.6,54,83.4,68.2,77.2,47.7,79.6
RW,Rwanda,2016,64.1,62.8,54.9,69.2,61.8,65.3,51.7,32.8,34.8,87.3,72,61.3,87.6,54.9,84.2,69.8,77,49,83.4
RW,Rwanda,2017,64.3,64.2,54,66.9,61.4,74.4,51.6,33.1,34.2,87.3,71.5,61.9,83.6,56.6,84.1,69.9,76.7,49.6,83.3
ST,São Tomé & Príncipe,2008,56.9,68.3,66.6,41.7,70,94.9,65.4,76.7,60.6,58.8,38.5,42.4,39,34.8,37.8,55.6,42.7,44.5,79.6
ST,São Tomé & Príncipe,2009,56.1,64.6,66.6,41.9,60,89.9,65.9,76.7,60.6,60.5,37.1,37.2,37.8,35.7,37.8,56.7,42.7,47.9,79.6
ST,São Tomé & Príncipe,2010,56.6,63.8,63.5,41.9,60,89.9,67,77.3,60.6,63,37.5,38.2,37.8,36.4,37.8,58.1,46.3,47.8,80.4
ST,São Tomé & Príncipe,2011,57.7,63.5,62.1,42.1,60,89.9,67.6,80.1,60.6,62.2,38.7,39.7,39,36.8,39.3,61.1,48.8,54.5,80.2
ST,São Tomé & Príncipe,2012,58.7,66,61.8,42.1,65,94.9,67.1,79.8,60.6,61,39.5,39.6,39.3,37.2,41.9,62.1,48.2,56.6,81.4
ST,São Tomé & Príncipe,2013,59.1,66.2,61.5,43.4,65,94.9,67.4,80,60.7,61.6,40.3,40.8,39.3,37.4,43.7,62.3,48,56.5,82.4
ST,São Tomé & Príncipe,2014,58.7,66.4,56,44.8,70,94.9,67.2,81.7,58.6,61.3,39.7,38.9,39.3,36.5,44,61.4,46.9,57.1,80.1
ST,São Tomé & Príncipe,2015,59.6,66.6,58.4,46.3,66.7,94.9,66,79.1,60.1,59,43.2,39.2,37.3,52.1,44,62.5,45.7,61.6,80.1
ST,São Tomé & Príncipe,2016,59,66.5,60,46.1,65,94.9,64.6,76.2,58,59.5,41.2,39,39.7,42,44,63.6,49.9,59.8,80.9
ST,São Tomé & Príncipe,2017,59.2,67.3,61.6,47.6,65,94.9,63.5,75,53.5,61.9,41.4,45.2,31.4,45,44,64.9,49.9,63.7,80.9
SN,Senegal,2008,57.4,64.4,67.9,44.1,59.4,86.2,62.5,71.7,58.4,57.5,54.7,57.1,60.7,44,57.2,47.8,46.2,36.5,60.9
SN,Senegal,2009,57.6,61.2,66.4,44.4,52.3,81.8,63,72.4,58.3,58.2,57,57.9,61.6,46,62.3,49.2,47.4,37.8,62.5
SN,Senegal,2010,57.1,59.5,62.3,44.6,49.1,82,63.5,72,59.3,59.2,55.2,57.9,56.9,45.3,60.6,50.1,49.1,37.9,63.3
SN,Senegal,2011,58.3,60.6,62.1,45.6,56.6,78.1,64.2,72,60.4,60.4,55.6,60.1,56.9,44.7,60.5,52.8,52.2,41.3,64.7
SN,Senegal,2012,59.7,62.3,68.1,47,52.2,81.8,66.5,75.5,61.6,62.5,56.6,60.8,58.3,45.5,61.9,53.3,53.3,41.3,65.3
SN,Senegal,2013,61.8,66.8,74.8,53.1,59.3,80.1,68.2,76.7,64.8,63.1,57.7,63.3,58.5,47.2,61.7,54.4,54.1,42,67.1
SN,Senegal,2014,61.7,66.4,72,54.2,59.4,79.9,68.7,76.7,67,62.3,55.6,62.8,56.1,47.5,56,56,53,42.4,72.7
SN,Senegal,2015,61.6,65.2,73.1,50.2,59.2,78.4,67.4,76.7,66.5,59.1,56.4,63.2,54.9,51,56.6,57.4,53.8,43.2,75.2
SN,Senegal,2016,62.5,65.4,73.9,54.8,56.8,76,68.7,76.7,66.7,62.6,57.8,63.6,55.6,55.6,56.5,58.3,54.3,43,77.4
SN,Senegal,2017,63.3,67.1,76.1,57.2,56.7,78.4,67.8,74.9,65.9,62.6,58.9,63.8,56.1,59.2,56.6,59.5,56.4,43.9,78.3
SC,Seychelles,2008,69.2,72.5,76.6,48.9,64.7,99.7,61.8,68.7,51.8,64.9,59.9,40.9,64.8,75.7,58.3,82.6,87.5,66.3,94
SC,Seychelles,2009,68.8,71.2,76.6,48.9,59.5,99.7,62.1,68.8,52.6,64.8,60,39.3,64.8,77.6,58.3,82.1,87.5,65,93.9
SC,Seychelles,2010,69.4,72.2,76.7,48.9,63.7,99.7,62.3,69.4,53.4,64,60.3,35.1,64.8,79.3,62.1,82.6,87.5,65.7,94.6
SC,Seychelles,2011,70,72.3,76.7,48.9,63.7,99.8,62.4,65.3,54.2,67.6,62.6,38.6,64.8,80.8,66,82.6,87.5,65.9,94.4
SC,Seychelles,2012,70.7,71.7,76.5,48.9,61.6,99.8,62.7,65.1,54.9,68.2,65.2,43.5,64.8,82.4,69.9,83.1,87.5,67.3,94.5
SC,Seychelles,2013,70.8,71.4,77.3,50.4,57.8,99.9,63.2,66,55.4,68,64.7,44.7,60.7,81.3,72.3,84,87.5,70.5,94
SC,Seychelles,2014,69.1,71,76.1,44.7,63.4,99.9,59.7,67,51,60.9,64,45.6,55.4,85.1,69.9,81.6,70.8,74.2,99.8
SC,Seychelles,2015,71.5,74.7,75.4,56.9,66.5,99.9,65.5,68.7,56.6,71.2,64,46.8,55.4,83.8,69.9,81.8,66.7,79.4,99.4
SC,Seychelles,2016,72.1,72.8,74.6,56,60.6,99.9,68.6,73.6,59,73.1,63.6,47,51.8,86.1,69.7,83.6,70.8,80.7,99.2
SC,Seychelles,2017,73.2,74.8,76.3,57.7,65.1,100,70.5,74.6,63.9,73.2,63.5,44.1,53.1,87.2,69.6,83.8,83.3,78.8,89.2
SL,Sierra Leone,2008,50.4,55.9,44.6,32.7,61.1,85.1,59.1,63,58.8,55.6,44.4,41.2,47.6,36.8,51.8,42,45.6,43.7,36.8
SL,Sierra Leone,2009,50.5,56.4,44.6,33,62,86.3,56.2,61.9,50.5,56.4,46,43.6,47.9,38.2,54.2,43.3,47.2,43.7,38.9
SL,Sierra Leone,2010,51.7,59.3,50.8,34.5,61,90.9,58,61.3,55,57.6,45.5,41.8,47.9,37.8,54.2,44.1,47,43.7,41.5
SL,Sierra Leone,2011,52.2,59.7,51.3,34.5,62.1,91.1,57.9,61.3,54.8,57.7,45.8,43.8,47.9,38.1,53.5,45.2,47.8,43.7,44.1
SL,Sierra Leone,2012,52.1,57.9,51.3,35.3,55.9,89.3,58.4,61.1,54,60,45.7,42.9,48,38.4,53.5,46.4,47.6,44.9,46.5
SL,Sierra Leone,2013,52.5,60.3,57.7,34.2,61.8,87.6,59.6,62.8,53.6,62.5,44.8,43.3,46.6,34.6,54.8,45.1,44.2,45.2,45.9
SL,Sierra Leone,2014,50.9,60.3,57,31.5,65.2,87.6,59.6,62,54.2,62.7,40.7,41.3,41.9,25.8,53.8,43.2,41.1,42.5,45.9
SL,Sierra Leone,2015,49.9,59.3,57.7,31.3,62.5,85.8,59.5,65,53.6,59.8,37.8,42.9,37.7,21.1,49.3,43,38.3,39.2,51.4
SL,Sierra Leone,2016,50.9,59.8,58.3,30.1,63.1,87.6,63,65.6,56.4,66.9,38.1,43.2,37.8,22.5,48.7,42.9,37.1,41.2,50.5
SL,Sierra Leone,2017,50.9,59.9,58.8,31.7,63.1,85.8,62.2,66.4,54.1,66.3,38,42.6,36.9,24.2,48.2,43.6,37.1,42.1,51.5
SO,Somalia,2008,7.6,9.3,6.7,6.3,11.1,13,10,11.6,9.7,8.6,2.8,3.4,0.7,4.2,.,8.2,0,0,24.6
SO,Somalia,2009,9,12.2,6.8,6.4,19.1,16.5,9.8,12.1,9.5,7.7,4.2,1.8,2.2,8.7,.,9.6,2.9,0,26
SO,Somalia,2010,8.7,10.4,7.8,6.3,14.5,13,10.3,12.7,9.7,8.5,4.2,1.7,1.8,9.1,.,10,2.9,0,27
SO,Somalia,2011,8.5,10.1,7.5,6.3,13.5,13,10.4,13.2,9.7,8.4,4.3,2.9,0,10.2,.,9.3,0,0,27.8
SO,Somalia,2012,9.1,9.6,7.9,6.3,9,15,11.4,13.7,10,10.5,5.4,4.9,0.4,10.8,.,9.9,0.8,0,29
SO,Somalia,2013,9.2,9.6,9,6.9,5.6,17.1,12.1,15,10,11.2,4.7,2.8,0.7,10.7,.,10.6,1.9,0,29.8
SO,Somalia,2014,9.7,9,9.3,5.4,4.4,17.1,13.1,15.4,10.7,13.1,4.5,1,3.5,9.1,.,12.1,1.9,0,34.6
SO,Somalia,2015,11.1,9.8,9.3,5.5,7.3,17.1,15,17.1,11.2,16.8,5.7,1.2,6.3,9.6,.,13.6,1.3,0,39.6
SO,Somalia,2016,11.1,10.9,14.5,4.8,7.2,17.1,14.7,17.3,12.3,14.4,4.3,2.9,0.7,9.2,.,14.4,2.7,0,40.4
SO,Somalia,2017,13.6,12.3,20.6,5.8,5.9,17.1,18.3,24.3,12.8,17.8,7.4,10.9,1.5,9.9,.,16.4,11.9,0,37.4
ZA,South Africa,2008,68.6,71.4,91.6,71.7,39.5,82.7,71.8,77.8,70.6,67.1,66.3,65.4,69.8,59.3,70.8,65.1,62.2,62.5,70.6
ZA,South Africa,2009,68.4,69.6,91.1,69.8,39.2,78.3,72.6,77.7,72,68,65.8,63.9,69,61.1,69.3,65.7,61.6,62.2,73.4
ZA,South Africa,2010,68.7,70.5,90.8,68.1,40.4,82.7,72.8,77.5,71.8,69.1,64.7,59.8,68.6,62.9,67.6,66.6,61,63.2,75.7
ZA,South Africa,2011,68.6,70.9,91.6,67.7,41.8,82.5,73,77.6,71.8,69.7,63.5,57.2,68.3,65.7,62.7,66.9,60.4,62.8,77.5
ZA,South Africa,2012,67.7,68.2,92.4,67.5,33.9,78.9,72.7,77.6,71.1,69.3,63.4,55,68.4,67.9,62.5,66.6,60.6,62,77.1
ZA,South Africa,2013,67.6,68.6,93.8,67.4,34.2,78.9,72.1,77.2,70.9,68.3,62.7,55.5,69.9,66.5,58.9,67,60.8,62.1,78.1
ZA,South Africa,2014,67.3,68.5,94.5,65.2,34,80.2,72.9,80,71.1,67.7,63.1,55.3,70,65.8,61.5,64.7,56.3,61.1,76.8
ZA,South Africa,2015,67.1,68.8,93.4,64.4,33.5,83.6,71.6,79.1,71.6,63.9,63.4,57.8,67.7,63.8,64.5,64.6,54.8,59.7,79.5
ZA,South Africa,2016,68,68.3,94.2,60.7,33.6,84.6,73.4,80.8,71.8,67.7,65.4,60.1,73.4,63.8,64.5,65,58.3,60.3,76.5
ZA,South Africa,2017,68,66.7,90.2,57.4,33.5,85.7,74.4,80.7,71.3,71.3,65.1,62.6,67.6,65.9,64.1,65.6,57.1,62.9,76.8
SS,South Sudan,2008,.,.,.,.,.,.,.,.,.,.,.,.,.,.,.,.,.,.,.
SS,South Sudan,2009,.,.,.,.,.,.,.,.,.,.,.,.,.,.,.,.,.,.,.
SS,South Sudan,2010,.,.,.,.,.,.,.,.,.,.,.,.,.,.,.,.,.,.,.
SS,South Sudan,2011,28.6,34.5,36.8,12.1,38.5,50.4,28.6,26.9,26.8,32.1,27.1,23,28.3,14.2,42.9,24.1,17.9,14.4,40.2
SS,South Sudan,2012,28.3,34.3,36.3,12.1,36.9,51.8,28.6,26.7,26.4,32.5,24.7,24,17.2,15,42.9,25.6,17.9,19.5,39.3
SS,South Sudan,2013,25.5,24.5,30.5,8.6,13.2,45.6,25.6,24.3,20.8,31.8,27,22.6,28.3,15.7,41.3,25,16.6,19.9,38.5
SS,South Sudan,2014,20.6,17.3,28.1,8.5,15.1,17.5,23.8,20.2,19.4,31.9,16.6,17.5,14.3,16.4,18.4,24.7,15,20.2,38.9
SS,South Sudan,2015,20.5,13.5,20.2,7.2,7.4,19.5,24.9,18.2,20.5,36.1,17.5,20,14.3,17.2,18.4,26,15.7,20.6,41.6
SS,South Sudan,2016,19.5,14.1,23.5,7.7,7.2,17.9,22.2,15,17.4,34.1,17.4,17.9,16,17.2,18.4,24.5,12.5,20.6,40.4
SS,South Sudan,2017,19.3,14.2,23.2,9.1,7.3,17.1,21.1,12.1,17,34.2,17.1,17.6,15.6,16.9,18.4,24.7,10.7,20.6,42.8
SD,Sudan,2008,29.4,25.5,22.1,12.3,33.6,34.1,19.6,15,19.8,23.8,31.9,33.5,35.1,32.3,26.4,40.7,28.1,37.8,56.1
SD,Sudan,2009,30.4,24.6,22.1,12,31.1,33.3,19.6,15.8,20.6,22.5,36.1,31.7,35.3,33.7,43.7,41.3,28.1,39.1,56.5
SD,Sudan,2010,31.3,25.4,21.6,11.4,29.9,38.8,21.1,19.4,19.1,24.9,37.4,34.9,34.9,34.8,45,41.2,28.3,37.3,58.1
SD,Sudan,2011,31,24.3,20.5,11.3,31.2,34.4,20.8,20,18.1,24.3,38.5,34.6,35.3,36.4,47.6,40.4,28.5,33.2,59.4
SD,Sudan,2012,30.7,23,20.9,10.6,25.7,34.9,21.4,19.9,18.3,25.9,37.4,34.7,35.1,36.2,43.7,41,29.3,33.9,59.8
SD,Sudan,2013,30.1,21.6,22.4,10.2,21.5,32.5,22.6,22.9,18.3,26.5,37.5,35.9,27.6,39.9,46.6,38.7,25.7,33.9,56.6
SD,Sudan,2014,29.8,21.7,22.7,9.8,23.7,30.5,22.1,22.4,16.6,27.4,36.7,36.1,21.8,41.8,47,38.8,27.3,33.7,55.2
SD,Sudan,2015,31.1,22.4,22.6,9.8,28,29.3,23.1,22.3,16.1,30.9,36.4,36.3,21.4,36.2,51.6,42.5,33.3,32.1,62
SD,Sudan,2016,31.1,21.5,24.6,9.7,22.7,29.2,25.5,20.4,16,40.1,36.7,37,21.7,36.3,51.6,40.8,27.9,32.1,62.4
SD,Sudan,2017,30.8,24.1,25.3,11.3,24.5,35.3,23.4,20.3,16.2,33.8,36,34.4,21.7,36.3,51.6,39.8,27.7,32.1,59.7
SZ,Swaziland,2008,47.3,60.6,58.9,47.3,49,87.4,27.8,16.7,26.8,39.7,48.5,44.4,49.4,45.4,55,52.3,35.1,52.2,69.7
SZ,Swaziland,2009,46.7,59.6,58.9,47.3,44.8,87.5,28,16.3,27.1,40.6,46.9,39.2,49.4,46.1,52.8,52.3,35.1,52.2,69.7
SZ,Swaziland,2010,46.4,59.8,58.6,44.1,49,87.5,27.4,16.4,24.7,41,45.4,32.6,49.4,46.8,52.8,53.1,35.1,53.3,70.8
SZ,Swaziland,2011,46.6,61.1,56.7,43,53.1,91.6,26.4,15.8,22.3,41,45.1,31.3,49.8,47.2,52.2,53.8,35.1,53.5,72.8
SZ,Swaziland,2012,47,59.5,54.9,42.3,49.2,91.6,27.5,15.8,25.5,41,46.6,37.1,47.8,48,53.6,54.3,35.1,53.7,74
SZ,Swaziland,2013,48.1,61.1,56.3,43.9,52.6,91.6,28,17.1,27.2,39.7,47.6,39.3,45.1,49.7,56.2,55.7,35.1,56.6,75.5
SZ,Swaziland,2014,47.6,61.4,56.1,42,56,91.6,27.3,15.3,26.5,40,47.8,38.5,45.2,51.2,56.2,53.7,27.4,57.7,76.1
SZ,Swaziland,2015,47.9,61.7,54.2,40.9,60.3,91.6,27.2,15.3,29.6,36.6,48.6,38.1,47,52.8,56.4,54.2,29.7,56.7,76.2
SZ,Swaziland,2016,47.6,59.7,53.1,38.4,55.8,91.6,24.3,15.3,24.4,33.1,49.3,37.6,49,53.2,57.4,57.1,34.7,56.8,79.9
SZ,Swaziland,2017,48.7,61,55.5,40.1,56.7,91.6,26.8,16.3,23.9,40.2,49.7,36.1,50.9,53.3,58.5,57.3,34.7,56.9,80.2
TZ,Tanzania,2008,57.2,61.9,56.5,38.1,61.6,91.4,59.7,57.1,55.3,66.7,56.5,59,55.9,36.7,74.4,50.8,45.1,46.4,60.9
TZ,Tanzania,2009,56.5,61.5,56.2,38.1,60.1,91.6,60.1,56.8,56.9,66.4,54.5,53.6,53.5,37.5,73.2,50,44.6,45.5,59.9
TZ,Tanzania,2010,55.8,60,56.5,38.2,53.4,91.6,60.6,58.4,56.9,66.5,53.4,50.6,51.6,38.3,73.1,49.2,44,43.1,60.5
TZ,Tanzania,2011,55.5,59.8,56.5,37.4,54.1,91.3,61.2,60.3,56.9,66.4,52.2,49.7,52.1,38.3,68.8,48.8,41.2,42.8,62.4
TZ,Tanzania,2012,55,59.1,56.6,36,55,88.8,61.5,60.7,57.2,66.6,49.4,51,51.9,38,56.8,49.8,42.6,41.7,65
TZ,Tanzania,2013,55.6,58.6,55.9,35.1,52.7,90.8,61.6,60.5,56.7,67.6,51.6,52.3,51.4,39.5,63,50.5,46.4,38.3,66.7
TZ,Tanzania,2014,55.7,58.8,55.6,33.8,54.7,91,61,62.8,53.4,66.8,51.4,52,51.8,41.1,61,51.5,53.8,37,63.5
TZ,Tanzania,2015,57.1,60.5,57.4,35.9,57.8,91,63.6,61.7,58.6,70.6,51.6,53.3,50.4,42,60.8,52.6,51.3,39.2,67.3
TZ,Tanzania,2016,57.7,62.4,57.7,41.7,58.9,91.3,63.3,61,59.6,69.3,53.2,55.8,51,44.3,61.8,52,49.4,40.9,65.6
TZ,Tanzania,2017,58.5,63.8,58.2,42,64,90.9,62.1,57.8,59.1,69.2,54.1,58.7,50.2,45.6,62,54.2,53.1,42.3,67.2
TG,Togo,2008,43.9,55.1,52.3,21.6,56.7,90,45.9,39.8,49,48.8,32.3,37.7,29.8,27.8,34.1,42.4,36.7,41.6,48.8
TG,Togo,2009,44.5,54.6,52.3,21.6,54.6,90,46.5,40.9,49.1,49.6,33.6,40.5,30.3,29.7,34.1,43.3,36.7,41,52.3
TG,Togo,2010,45.3,55.4,52.3,25.9,53.3,90,46.8,43.6,46.4,50.4,34.2,42.5,30.3,30,34.1,44.9,37.9,42.6,54.1
TG,Togo,2011,46.1,56.4,52.5,29.9,53.3,90.1,48.4,43.2,50.6,51.2,32.8,43.7,29.2,30.3,28.1,46.6,38.8,44.3,56.8
TG,Togo,2012,46.7,56.1,51.9,29.2,53.2,90.2,48.5,42.8,49,53.6,34.7,44.2,30.3,30.9,33.3,47.7,41.2,43.8,58
TG,Togo,2013,47.2,55.7,49.5,28.9,55.8,88.7,48.5,42.7,47.2,55.7,35.7,44.6,32.5,34,31.8,48.9,42.6,44.7,59.5
TG,Togo,2014,49.5,57.3,49.7,29.3,61.2,88.8,50.5,42.9,48,60.6,38.8,42.3,35.3,41,36.5,51.7,45.8,47.2,62
TG,Togo,2015,49.4,57.2,50,31.9,59.4,87.3,50.4,40.7,50.4,60.1,38.7,45.1,33.8,39.6,36.5,51.4,43.7,47.6,62.9
TG,Togo,2016,50.5,57.2,47.8,32.7,58.8,89.3,52.6,44.5,53.3,60,39.7,48.1,32.3,41.9,36.5,52.6,46.2,47.2,64.5
TG,Togo,2017,49.1,53.7,45.6,32.7,55.4,81.3,51.5,43.6,51.6,59.1,39.6,47.7,30.7,43.4,36.5,51.8,45.7,46,63.7
TN,Tunisia,2008,56.6,60.9,46.8,49.2,55.9,91.6,40.2,28.7,34.1,57.8,59.6,52,66.7,52.6,67.1,65.9,44.6,74.7,78.4
TN,Tunisia,2009,56.6,60.5,45.7,49.1,55.7,91.6,40,28.3,32.8,59.1,60.1,58.9,61.1,53.6,66.8,65.7,44.6,73.6,78.7
TN,Tunisia,2010,56.8,59,46.5,48.5,53.6,87.4,39.8,28.4,32.5,58.3,61.4,61.8,62.7,54.9,66.2,67,45.8,75.3,80
TN,Tunisia,2011,59,57,49.9,58.7,33,86.5,51.2,56.2,41,56.4,61.3,60.7,59.6,54.8,70.3,66.6,47,72.5,80.3
TN,Tunisia,2012,60.4,59.9,54.7,57.9,44.8,82.2,57.9,70,43.7,59.9,58.4,59.1,54.9,54,65.6,65.5,45.7,71,79.9
TN,Tunisia,2013,61,59.1,54.7,58,42.4,81.4,61.9,75.9,50.8,59.1,58.2,59.9,50.2,53.6,69.3,64.6,44.4,68.9,80.5
TN,Tunisia,2014,63.5,61,60.7,57.7,44.2,81.3,67.9,86.1,57.6,60.1,58.7,63.9,50.6,58.6,61.4,66.5,46.2,69.7,83.5
TN,Tunisia,2015,63.3,60.4,66.4,53.9,43.4,78,68.1,84.2,58.4,61.7,58,65.7,41.7,62.7,61.8,66.8,48.6,68.9,82.8
TN,Tunisia,2016,63.4,59.2,65.9,54,41.1,75.9,69.2,85.8,58.1,63.8,58.7,67.1,42.3,64,61.6,66.2,48.6,67.7,82.3
TN,Tunisia,2017,63.5,62,68,56.6,45.4,77.8,67.3,80.8,56.9,64.1,59.4,61.3,48.7,66.2,61.5,65.4,49.2,67.7,79.3
UG,Uganda,2008,53.6,55.9,66.9,33.6,57.2,65.8,56,51.3,50.6,66,51.9,50.1,57.4,34.3,65.9,50.7,53.5,44.6,54.1
UG,Uganda,2009,53.6,54.3,60.9,33.4,57.2,65.9,56.8,51.7,50.5,68.3,51.6,48.3,57.9,35.9,64.1,51.8,52.6,47.2,55.4
UG,Uganda,2010,54.2,57,61.4,32.6,57.3,76.7,57.2,50.7,50.3,70.7,52,46.2,60,37,65,50.7,52,46,54
UG,Uganda,2011,54.4,56.7,56.9,31.7,55.5,82.8,57.4,50.3,49.1,72.9,52.3,46,61.3,37.4,64.6,51.1,50.6,45.9,56.7
UG,Uganda,2012,54.5,57.1,56,31.8,57.9,82.7,57.5,49.5,49.8,73.2,52.4,48.9,59.8,36.4,64.2,50.9,49.3,44.4,58.8
UG,Uganda,2013,54.2,56.3,53.5,32,58.8,81.1,56.7,47.8,49,73.3,52.2,50.2,57.7,38.7,62.4,51.7,49.9,45.1,60.1
UG,Uganda,2014,54.5,55.8,53,32.3,59.1,78.7,55.8,46.8,50.4,70.1,50.8,46.2,59.4,38.3,59.4,55.8,55.9,47.1,64.3
UG,Uganda,2015,56.5,57.4,56.7,31.8,58,83.1,58.7,46.8,55,74.2,53.3,49.7,62.7,40.9,59.8,56.8,58.3,47.2,65
UG,Uganda,2016,55.9,57.8,55.6,36.1,55.4,84.2,57,43.6,54.3,73.2,53.4,51.4,60.8,42,59.4,55.3,56.1,45.1,64.9
UG,Uganda,2017,55,58.1,55.9,35.7,56.4,84.5,54.6,39.5,51.6,72.7,52.6,51.8,57.9,42.1,58.7,54.5,54.5,44.2,64.7
ZM,Zambia,2008,54.4,66.4,72.4,43.8,53.8,95.7,58.3,59.3,60.1,55.6,45.8,45.3,54.9,32.6,50.3,47.1,45.9,43.9,51.4
ZM,Zambia,2009,55.2,67.3,70.8,44.8,57.7,95.7,58.8,59.8,59.1,57.6,46.5,46.5,55.6,33.2,50.6,48.1,45.6,43.8,54.8
ZM,Zambia,2010,56.2,67.8,74.3,44.3,57.1,95.7,59.8,60.1,59.8,59.6,47.3,46.8,56.9,35.2,50.3,49.7,46.6,46.6,56
ZM,Zambia,2011,57.4,69.2,73.8,43.8,59.3,99.8,60.6,64.3,59.1,58.3,49.8,49.5,57.9,37.3,54.6,50.2,47.9,45,57.9
ZM,Zambia,2012,58.3,69.7,74.3,44.5,60.2,99.7,60,64.6,57.6,57.7,50.9,50.4,58.6,38.9,55.8,52.8,49.3,49.2,59.8
ZM,Zambia,2013,58.4,69,75.4,46.1,59.3,95.3,58.7,63.6,56.1,56.3,51.5,47.7,59.7,39.1,59.4,54.5,51.4,50.9,61.3
ZM,Zambia,2014,58.4,69.5,74.5,51.5,56.8,95.3,58.4,66.2,50.3,58.8,50.3,45.8,59.8,41.7,53.8,55.3,48.4,49.6,68
ZM,Zambia,2015,59,69.7,75.5,49.9,58.5,95,60.8,66.2,53,63.1,49.1,45.2,55.3,42,54,56.4,48.2,50.1,70.9
ZM,Zambia,2016,57.3,67,73.8,45.3,53.8,95.1,58.5,59.7,49.9,65.9,48.1,46.7,51.4,40.6,53.6,55.6,48.5,49.2,69.2
ZM,Zambia,2017,56.2,64.9,71.7,42.5,49.8,95.7,57.5,56.6,49.7,66.2,48,46.8,51.2,40.5,53.5,54.5,46.3,47.8,69.6
ZW,Zimbabwe,2008,33.9,35.6,27,23.8,31.3,60.1,30.1,25.4,14.8,49.9,23.5,22.2,23.9,34.3,13.5,46.5,33.9,48.3,57.4
ZW,Zimbabwe,2009,36.2,41.4,27.8,25.5,31.5,80.8,31.5,25.8,16.4,52.2,24.9,30.4,24.4,35.1,9.6,47.2,33.7,48,59.8
ZW,Zimbabwe,2010,37.6,42.1,30.3,25.9,37,75.3,33.3,26.8,17.8,55.4,25.8,34.9,26.2,33.2,8.9,49.2,33.7,51.2,62.8
ZW,Zimbabwe,2011,38.9,41.6,30.9,26.2,34.6,74.7,34.8,28,17.8,58.6,26.1,36.5,26.3,30.8,10.9,52.9,37.6,55,66.1
ZW,Zimbabwe,2012,39.7,41.7,31.7,25.8,32.6,76.8,35.4,28.4,20,57.7,27.5,37.5,22.2,29.2,21.2,54.1,36.6,56.2,69.4
ZW,Zimbabwe,2013,41.5,45,34.2,25.7,38.5,81.5,38.9,30.2,27.4,59,29.3,36.7,19.5,30.8,30.1,52.8,37,53.6,67.6
ZW,Zimbabwe,2014,42.6,45.4,37.7,21.2,41.3,81.5,41.3,31.8,28.6,63.6,32,40.4,15.9,33.6,38.2,51.7,37.7,52,65.4
ZW,Zimbabwe,2015,44.4,45.8,41,24,37.4,81,43.9,32.9,30.1,68.6,36.3,42.9,19,36.5,46.9,51.4,37.1,52.6,64.5
ZW,Zimbabwe,2016,44.6,47.3,41.4,25.4,41.1,81.3,42.5,31.1,28.4,68.1,36.1,39.4,20.1,37.9,47,52.3,38.7,52.3,66.1
ZW,Zimbabwe,2017,44.7,46.7,41.6,25.5,39.3,80.3,42.3,31,27.6,68.2,37,41.3,20.2,38.7,48,52.7,39.3,52,66.7
